Country,Policy,Year,Biomass,Catch,Profits
Argentina,Business As Usual,2013,4444010.2155031385,789271.4111930238,715922905.2609872
Argentina,Business As Usual,2014,4408816.473995454,157490.54452238267,157429473.01813465
Argentina,Business As Usual,2015,5124689.044361379,251002.71022875473,251769627.64302307
Argentina,Business As Usual,2016,5790511.148115387,385878.45951509726,386645192.8799983
Argentina,Business As Usual,2017,6339952.693539682,547142.013983642,551504619.1076225
Argentina,Business As Usual,2018,6724622.209698805,754480.7384952125,755540231.3865219
Argentina,Business As Usual,2019,6882287.806375039,838769.0394191776,840767224.4071096
Argentina,Business As Usual,2020,6944856.233893381,845727.3925390508,842956301.1140385
Argentina,Business As Usual,2021,6998772.272031773,846224.0830413724,848498411.7723926
Argentina,Business As Usual,2022,7052859.481795965,846415.6887506515,847004323.4020206
Argentina,Business As Usual,2023,7108465.93427807,846540.5978419208,850322474.9251729
Argentina,Business As Usual,2024,7166212.504452412,846594.2844648496,850540088.4880606
Argentina,Business As Usual,2025,7226463.745079653,846625.6903969535,858141933.2403656
Argentina,Business As Usual,2026,7289384.628227435,846641.1579786796,860235356.4453435
Argentina,Business As Usual,2027,7355048.252439863,846651.5510671941,866702815.8711268
Argentina,Business As Usual,2028,7423464.289261148,846663.2174085621,867753715.6248666
Argentina,Business As Usual,2029,7494601.775712857,846674.1765290372,871980349.0428517
Argentina,Business As Usual,2030,7568407.068713473,846685.4184878316,872469168.5659977
Argentina,Business As Usual,2031,7644806.558007416,846758.8351259512,876099225.4442196
Argentina,Business As Usual,2032,7723648.977842407,846844.5508220807,876720772.3557974
Argentina,Business As Usual,2033,7804817.448717831,846947.4117363865,881497365.2425611
Argentina,Business As Usual,2034,7888178.14892687,847243.8233159797,883953021.6608523
Argentina,Business As Usual,2035,7973410.000172565,847579.2767538468,889082697.5828018
Argentina,Business As Usual,2036,8060332.875642476,848055.8972358514,891833773.8039743
Argentina,Business As Usual,2037,8148656.83691362,848851.5770941279,896682583.924207
Argentina,Business As Usual,2038,8237905.9142117435,849729.8074575935,900802503.1860349
Argentina,Business As Usual,2039,8327831.80645528,851060.8973079154,905707497.8697653
Argentina,Business As Usual,2040,8417814.0093032,852698.6745406643,908830282.2011846
Argentina,Business As Usual,2041,8507373.27720559,854508.601614621,913150107.2651939
Argentina,Business As Usual,2042,8596165.760565786,857116.3930718502,916209244.2554208
Argentina,Business As Usual,2043,8683226.860179625,859852.5042407613,918928181.4585602
Argentina,Business As Usual,2044,8768263.63396867,863035.3328391976,919495817.3216774
Argentina,Business As Usual,2045,8850676.181499854,866797.3138793106,920750786.5264133
Argentina,Business As Usual,2046,8929743.045849117,870608.7519543997,921667801.6520894
Argentina,Business As Usual,2047,9005285.33031561,874868.4204296183,923144674.703874
Argentina,Business As Usual,2048,9076741.696778683,879482.0011708916,923701214.1226425
Argentina,Business As Usual,2049,9143660.74420716,883988.8478687347,923761260.3169774
Argentina,Business As Usual,2050,9206068.396161785,888438.1178628014,924431393.173181
Argentina,Fmsy,2013,4444010.2155031385,1379748.1104132491,672156477.298967
Argentina,Fmsy,2014,3818339.7747752285,1142528.715951663,597774374.3985794
Argentina,Fmsy,2015,3702159.443773478,1092403.2218009487,580068449.4400795
Argentina,Fmsy,2016,3737026.699839863,1093879.055000402,602972104.8940212
Argentina,Fmsy,2017,3834093.8616001797,1115702.4040149034,643206368.8483858
Argentina,Fmsy,2018,3953020.7045869334,1144471.6958174317,686980742.4570117
Argentina,Fmsy,2019,4073008.376876164,1173572.1603093033,727866206.7540556
Argentina,Fmsy,2020,4183787.6077285185,1199838.4514675261,762879535.0480357
Argentina,Fmsy,2021,4281309.550650962,1222049.4196116335,790519494.0090544
Argentina,Fmsy,2022,4365098.51546038,1240064.5666005376,807809617.8928242
Argentina,Fmsy,2023,4436509.151253528,1254284.9466982621,812669659.8629112
Argentina,Fmsy,2024,4497625.864725764,1265324.1747386581,817264478.4789373
Argentina,Fmsy,2025,4550631.919260629,1273823.7941388874,827530157.1415533
Argentina,Fmsy,2026,4597496.862170993,1280363.0900641622,832887924.9672098
Argentina,Fmsy,2027,4639858.35223542,1285425.436685179,837530446.3113996
Argentina,Fmsy,2028,4679009.485482009,1289394.9493599941,839556051.2849703
Argentina,Fmsy,2029,4715935.132702918,1292567.085862554,841083706.5298654
Argentina,Fmsy,2030,4751365.129805168,1295163.9846997345,841133497.0327406
Argentina,Fmsy,2031,4785828.011809239,1297349.9022373788,841199380.535133
Argentina,Fmsy,2032,4819698.254790135,1299244.7609267377,840348419.1114511
Argentina,Fmsy,2033,4853234.915869183,1300935.2204890382,839375510.4211488
Argentina,Fmsy,2034,4886611.903589623,1302483.3463949289,837966574.0198512
Argentina,Fmsy,2035,4919941.043707108,1303933.2123638913,836521328.6939067
Argentina,Fmsy,2036,4953289.33191548,1305315.8362444388,834861974.5288559
Argentina,Fmsy,2037,4986691.67516967,1306652.8220774645,833262922.2347127
Argentina,Fmsy,2038,5020160.218578195,1307959.0223742852,831543755.6187669
Argentina,Fmsy,2039,5053691.131454882,1309244.4707806797,829858938.4013065
Argentina,Fmsy,2040,5087269.524633184,1310515.777770637,828356717.9490066
Argentina,Fmsy,2041,5120873.004620271,1311777.1344739122,826783460.6436225
Argentina,Fmsy,2042,5154474.239097739,1313031.0323047708,825192063.8527642
Argentina,Fmsy,2043,5188042.808185759,1314278.777443131,823703940.3410134
Argentina,Fmsy,2044,5221546.54096465,1315520.857768511,822260906.7505411
Argentina,Fmsy,2045,5254952.481430908,1316757.203980738,820886775.1734387
Argentina,Fmsy,2046,5288227.587623881,1317987.3750154276,819535555.8504931
Argentina,Fmsy,2047,5321339.238309629,1319210.689401431,818217281.128729
Argentina,Fmsy,2048,5354255.600428041,1320426.3180813082,816895330.8001255
Argentina,Fmsy,2049,5386945.895293457,1321633.3497975038,815827996.3887699
Argentina,Fmsy,2050,5419380.590649536,1322830.836970138,814680742.0272847
Argentina,Opt,2013,4444010.2155031385,1919974.6964213823,1637201514.2009342
Argentina,Opt,2014,3278113.1887670956,343275.1146333187,267677740.9788168
Argentina,Opt,2015,4046098.3898599287,529502.9479439773,425904833.88537186
Argentina,Opt,2016,4719455.544137615,754668.0010869083,627803397.4175916
Argentina,Opt,2017,5209379.5518803485,912814.5452040216,787372911.3664235
Argentina,Opt,2018,5559859.408357495,1117622.4212228914,994500438.5133557
Argentina,Opt,2019,5698973.656436038,1200799.690277795,1078980780.72127
Argentina,Opt,2020,5751411.091132118,1207052.577836484,1085317869.9258196
Argentina,Opt,2021,5799916.500404992,1207208.165114772,1085462407.7159064
Argentina,Opt,2022,5851098.224672296,1207203.4111846318,1085456102.3413928
Argentina,Opt,2023,5905158.4580548275,1207228.6046408615,1085480233.3267062
Argentina,Opt,2024,5962079.418392558,1207227.3038950295,1085478758.2877767
Argentina,Opt,2025,6021891.4882364515,1207230.0928849578,1085481351.030953
Argentina,Opt,2026,6084578.345981397,1207230.0832957444,1085481244.7837932
Argentina,Opt,2027,6150117.466075929,1207232.325274879,1085482598.0789986
Argentina,Opt,2028,6218467.207105013,1207239.6219535584,1085486584.5739284
Argentina,Opt,2029,6289569.417660911,1207248.2667924997,1085491316.198747
Argentina,Opt,2030,6363355.932566107,1207258.2730818067,1085496777.711327
Argentina,Opt,2031,6439745.429036359,1207331.033566704,1085535320.252847
Argentina,Opt,2032,6518582.5301275235,1207416.3995587232,1085579941.1709015
Argentina,Opt,2033,6599748.170462347,1207519.074554092,1085633379.9145095
Argentina,Opt,2034,6683107.36417482,1207815.3871274528,1085783969.7728496
Argentina,Opt,2035,6768338.413668387,1208150.7879004148,1085953114.326069
Argentina,Opt,2036,6855260.862431578,1208627.3803474444,1086191304.0938694
Argentina,Opt,2037,6943584.596608009,1209423.0452892827,1086583152.7970803
Argentina,Opt,2038,7032833.553043405,1210301.2677136252,1087014610.3833587
Argentina,Opt,2039,7122759.380963012,1211632.3533393533,1087660574.7961884
Argentina,Opt,2040,7212741.549577041,1213270.1283237701,1088450750.3068354
Argentina,Opt,2041,7302300.799259879,1215080.0542012772,1089323450.9820035
Argentina,Opt,2042,7391093.2729234435,1217687.845021776,1090565457.1669917
Argentina,Opt,2043,7478154.3673766535,1220423.9558518438,1091869376.8773282
Argentina,Opt,2044,7563191.13841916,1223606.7842699564,1093380459.8056126
Argentina,Opt,2045,7645603.6844886085,1227368.765214106,1095156914.089565
Argentina,Opt,2046,7724670.548059923,1231180.2032381273,1096960162.2086034
Argentina,Opt,2047,7800212.832112385,1235439.8716861687,1098967989.6849484
Argentina,Opt,2048,7871669.198355107,1240053.452412979,1101136121.0366411
Argentina,Opt,2049,7938588.24566631,1244560.2991031255,1103258453.7415884
Argentina,Opt,2050,8000995.8975585215,1249009.5690930963,1105355953.341859
Australia,Business As Usual,2013,372678.04956207593,56255.95248513531,73290568.77985473
Australia,Business As Usual,2014,340659.986308357,29896.855458131373,51613447.141067304
Australia,Business As Usual,2015,338062.83263242804,25419.916596206847,80391812.08968471
Australia,Business As Usual,2016,340428.97571744875,23885.8811089315,83141915.34718573
Australia,Business As Usual,2017,344531.54058235703,23394.285627147252,86025945.98655118
Australia,Business As Usual,2018,349271.534448331,23218.31949850774,85817896.81096259
Australia,Business As Usual,2019,354313.5884061778,23232.416254045726,85977630.06125753
Australia,Business As Usual,2020,359448.3378128797,23382.436794033987,85721622.48466979
Australia,Business As Usual,2021,364516.7710090663,23595.21366681105,86501928.69448802
Australia,Business As Usual,2022,369431.5390021232,23927.643957257875,86665517.3309465
Australia,Business As Usual,2023,374049.9190712364,24302.57761395956,87358759.93257245
Australia,Business As Usual,2024,378310.7369567372,24701.992422867595,87765213.12182313
Australia,Business As Usual,2025,382176.64299541805,25078.51802333056,88936155.8075974
Australia,Business As Usual,2026,385662.6083858153,25448.96996624936,89545459.65830526
Australia,Business As Usual,2027,388770.34835802694,25773.35764245493,90584514.55754887
Australia,Business As Usual,2028,391544.029177519,26060.411826831678,91033524.21357653
Australia,Business As Usual,2029,394020.1512596781,26321.294510691103,91797647.1963405
Australia,Business As Usual,2030,396224.51692533266,26553.800351256963,92143341.46700107
Australia,Business As Usual,2031,398185.43178469513,26758.587923340445,92791963.5314429
Australia,Business As Usual,2032,399930.67499289406,26946.73389243893,93103247.67344022
Australia,Business As Usual,2033,401477.09000603954,27120.418061684875,93841425.93279028
Australia,Business As Usual,2034,402839.51760234445,27274.509752196434,94299978.46774168
Australia,Business As Usual,2035,404038.11202594655,27413.219103162086,95026136.20508501
Australia,Business As Usual,2036,405088.91753806744,27537.210465722157,95472099.84715603
Australia,Business As Usual,2037,406007.40444497444,27645.971025849976,96107469.54469536
Australia,Business As Usual,2038,406809.60507259273,27741.42636980909,96643631.03668751
Australia,Business As Usual,2039,407509.6292584429,27824.927213742292,97224228.71787688
Australia,Business As Usual,2040,408120.2161086825,27901.73745354735,97586066.69223428
Australia,Business As Usual,2041,408648.80211134243,27968.641685828185,98053673.12579103
Australia,Business As Usual,2042,409106.0386912668,28026.2334099974,98328753.26164137
Australia,Business As Usual,2043,409501.92132522183,28075.759146327277,98548210.60506052
Australia,Business As Usual,2044,409845.1245509017,28118.402415808494,98501706.08945909
Australia,Business As Usual,2045,410143.0667380448,28155.069280299045,98489600.49635868
Australia,Business As Usual,2046,410402.1923198481,28186.570527929725,98430708.1108088
Australia,Business As Usual,2047,410628.071914363,28213.644933816184,98401700.26886152
Australia,Business As Usual,2048,410825.47998602013,28236.931586390045,98250250.86432254
Australia,Business As Usual,2049,410998.500696373,28256.981180589253,98047071.4890314
Australia,Business As Usual,2050,411150.6223217614,28274.266698929005,97908471.11894208
Australia,Fmsy,2013,372678.04956207593,42844.41389317703,52388478.88470243
Australia,Fmsy,2014,354071.5249003153,39219.38011246882,63180654.838536315
Australia,Fmsy,2015,341800.155091248,37236.03106866714,67586135.53340554
Australia,Fmsy,2016,332864.16465306154,35963.07156433226,71169020.4491488
Australia,Fmsy,2017,326046.0491091047,35068.90885544381,73916066.2752535
Australia,Fmsy,2018,320713.4105492767,34405.36674912103,75769024.44677487
Australia,Fmsy,2019,316487.399162527,33896.43418438246,76928644.03910965
Australia,Fmsy,2020,313116.94364726776,33498.20162320839,77597023.33203979
Australia,Fmsy,2021,310423.4869242992,33182.64169138201,77881393.35731389
Australia,Fmsy,2022,308273.9754448541,32930.52287053171,77620982.04665582
Australia,Fmsy,2023,306566.17326439696,32728.006856549073,76658961.33068225
Australia,Fmsy,2024,305219.8436165896,32564.821052044506,75984062.94732553
Australia,Fmsy,2025,304171.02346354147,32433.17009512971,76022885.36336446
Australia,Fmsy,2026,303368.09679147654,32327.035968505137,75844919.65917303
Australia,Fmsy,2027,302768.99872863427,32241.70510002298,75753294.8383993
Australia,Fmsy,2028,302339.17040818644,32173.438721945397,75557853.61836873
Australia,Fmsy,2029,302050.03094211867,32119.238174774153,75404231.58770959
Australia,Fmsy,2030,301877.8150185451,32076.675004689387,75192061.27843243
Australia,Fmsy,2031,301802.6743947239,32043.766104360155,75026746.98964572
Australia,Fmsy,2032,301807.97332407965,32018.880599683434,74821174.93968354
Australia,Fmsy,2033,301879.72892211523,32000.669387903217,74630981.32796144
Australia,Fmsy,2034,302006.1616125329,31988.0110426034,74424495.90509318
Australia,Fmsy,2035,302177.3304695324,31979.969705052677,74229275.69826087
Australia,Fmsy,2036,302384.8349753904,31975.76188074862,74027567.74051745
Australia,Fmsy,2037,302621.5694125333,31974.72995122871,73838913.59335887
Australia,Fmsy,2038,302881.5194473753,31976.320825629828,73646920.26976113
Australia,Fmsy,2039,303159.59286772896,31980.068582798503,73462601.09399882
Australia,Fmsy,2040,303451.4781947514,31985.580253064294,73296799.5581303
Australia,Fmsy,2041,303753.5261988086,31992.52409975898,73128349.002322
Australia,Fmsy,2042,304062.65033832734,32000.619911689646,72960895.21305887
Australia,Fmsy,2043,304376.2429017482,32009.630927626607,72803712.74124113
Australia,Fmsy,2044,304692.1042269901,32019.357094999905,72651771.52704775
Australia,Fmsy,2045,305008.3828433892,32029.629425915093,72506698.82222442
Australia,Fmsy,2046,305323.52475811774,32040.305260087396,72364588.51618594
Australia,Fmsy,2047,305636.23041421577,32051.264280321382,72226072.6092784
Australia,Fmsy,2048,305945.4180962886,32062.40515447726,72088083.42672387
Australia,Fmsy,2049,306250.1927642693,32073.642700390355,71971189.15126626
Australia,Fmsy,2050,306549.8194642105,32084.905488317552,71848522.13101692
Australia,Opt,2013,372678.04956207593,67974.41547534613,91228435.75350556
Australia,Opt,2014,328941.5233181462,29393.028365294835,45740000.35901116
Australia,Opt,2015,328859.1087932597,27875.90028955635,77806628.571901
Australia,Opt,2016,330684.9821358105,26288.552987609208,82426397.25194466
Australia,Opt,2017,334492.0341340461,25733.163975630283,85807405.80440499
Australia,Opt,2018,339126.07541948324,25523.467629290935,86892252.33905579
Australia,Opt,2019,344173.8170162494,25516.249533142727,87180067.86689283
Australia,Opt,2020,349384.266825505,25653.27476800052,87400634.7575405
Australia,Opt,2021,354571.96057905233,25857.945121403365,87648302.84440541
Australia,Opt,2022,359633.5909745005,26185.415702980157,87970233.87888017
Australia,Opt,2023,364416.4976272717,26557.10579989542,88323210.1066597
Australia,Opt,2024,368853.5712702878,26954.8958332427,88702403.5503349
Australia,Opt,2025,372903.161826498,27330.622485019852,89077514.02897017
Australia,Opt,2026,376577.63264319045,27701.22975288007,89459061.34126481
Australia,Opt,2027,379876.50106038305,28026.68543310495,89811851.51166978
Australia,Opt,2028,382842.0916551016,28315.400451181067,90141454.14531855
Australia,Opt,2029,385509.5724015209,28579.298026335247,90453382.81076439
Australia,Opt,2030,387902.7744258582,28815.296148794285,90742252.5935657
Australia,Opt,2031,390048.98551011045,29024.8680440059,91007358.03968693
Australia,Opt,2032,391974.21901975427,29218.443727764494,91256826.52861774
Australia,Opt,2033,393694.2515515348,29398.420767891123,91492336.6663493
Australia,Opt,2034,395222.69293950463,29559.86635473346,91709106.21102305
Australia,Opt,2035,396578.32099064975,29706.200466929207,91909168.46798317
Australia,Opt,2036,397776.6466573047,29838.55366543531,92093655.7487293
Australia,Opt,2037,398832.19421124365,29956.06490187669,92260629.21200974
Australia,Opt,2038,399760.45070716256,30060.208840470714,92411561.50408758
Australia,Opt,2039,400575.48166209913,30152.537227902892,92547951.83941464
Australia,Opt,2040,401289.8258708794,30238.302619735612,92675310.55886038
Australia,Opt,2041,401910.7724376791,30313.593322841072,92788641.53486204
Australia,Opt,2042,402449.55910693173,30379.148107828158,92889030.91058573
Australia,Opt,2043,402916.649909289,30436.21278603654,92977931.23701645
Australia,Opt,2044,403321.21204070386,30486.15619927912,93057298.55819967
Australia,Opt,2045,403670.98953116173,30529.38722716119,93127029.98449421
Australia,Opt,2046,403973.26562946726,30566.744326245353,93188116.35998519
Australia,Opt,2047,404234.4290968326,30599.001960309284,93241565.82357661
Australia,Opt,2048,404460.04025357997,30626.93424427167,93288487.2751768
Australia,Opt,2049,404654.8346685028,30651.111515481367,93329636.11672822
Australia,Opt,2050,404822.9321268648,30672.192868689737,93366034.07245655
Canada,Business As Usual,2013,503098.76267903333,145751.207760029,285992169.4949225
Canada,Business As Usual,2014,561026.9461740464,140968.2575228706,321799300.1496244
Canada,Business As Usual,2015,651736.6974290417,154186.04274580014,341193004.4820593
Canada,Business As Usual,2016,743210.2017953508,164143.44428302147,354393582.1993432
Canada,Business As Usual,2017,836603.2953878094,187367.79063582452,401067935.0276217
Canada,Business As Usual,2018,913491.6472004036,200175.78336854855,424391139.43432486
Canada,Business As Usual,2019,984068.771220079,201620.5786310778,423934747.30306894
Canada,Business As Usual,2020,1063148.988926672,205042.58291099066,437614816.3696408
Canada,Business As Usual,2021,1147033.9658907328,205592.6939094489,440811390.5712595
Canada,Business As Usual,2022,1238379.5871207241,205878.34582643057,440705135.09588957
Canada,Business As Usual,2023,1336690.976123451,207124.1718514318,445547861.4318355
Canada,Business As Usual,2024,1440666.3185567292,209104.7236522268,449991342.8734161
Canada,Business As Usual,2025,1548998.599031808,213454.56427966614,464421713.5144376
Canada,Business As Usual,2026,1658364.6797861888,219097.1336295534,478264420.42462677
Canada,Business As Usual,2027,1766472.687828481,227892.38321123787,502511715.9538172
Canada,Business As Usual,2028,1868939.230997985,237728.8336396477,525498985.0808692
Canada,Business As Usual,2029,1963664.5529494253,250780.1304884111,558447942.1925822
Canada,Business As Usual,2030,2046336.6237249789,264532.81631502084,590086151.7887816
Canada,Business As Usual,2031,2115482.329626824,278943.2078717997,626026949.7283893
Canada,Business As Usual,2032,2169836.8546955986,292727.2803848907,657859225.9979818
Canada,Business As Usual,2033,2209812.605739704,304241.7431046408,688325478.041867
Canada,Business As Usual,2034,2237581.3088412066,313255.06622483925,710784350.4428297
Canada,Business As Usual,2035,2255778.870945026,319552.283897773,729722610.9030894
Canada,Business As Usual,2036,2267224.2690797118,323439.1389364828,740738881.5254742
Canada,Business As Usual,2037,2274503.1819192437,326067.87336796575,750862204.7836242
Canada,Business As Usual,2038,2278938.1876904042,327553.0424295624,757360507.9734789
Canada,Business As Usual,2039,2281777.547698713,328630.0915357884,763683310.3602716
Canada,Business As Usual,2040,2283444.3139282456,329156.488537115,766768609.5900382
Canada,Business As Usual,2041,2284548.1356209833,329608.96252473054,770881834.6180737
Canada,Business As Usual,2042,2285155.311116083,329769.822824313,772635136.7808795
Canada,Business As Usual,2043,2285593.7472034954,329976.17017076747,774351503.5902684
Canada,Business As Usual,2044,2285803.0024779546,330004.199502628,773400957.3281904
Canada,Business As Usual,2045,2285986.506716326,330111.77361912007,773160972.4099277
Canada,Business As Usual,2046,2286048.773382113,330094.9020558224,772150522.0449018
Canada,Business As Usual,2047,2286133.2517079236,330160.50352713896,771776327.431017
Canada,Business As Usual,2048,2286142.770768585,330131.11943075305,770110134.9015752
Canada,Business As Usual,2049,2286187.4768922827,330176.91633511067,768374460.8718667
Canada,Business As Usual,2050,2286179.340025741,330146.50968654716,766894646.7547244
Canada,Fmsy,2013,503098.76267903333,240579.54868736005,195837746.8157648
Canada,Fmsy,2014,466723.201560993,187582.62899455044,106026902.66261669
Canada,Fmsy,2015,504710.16926275654,207922.10125133957,176015342.862175
Canada,Fmsy,2016,539866.2247327252,218678.53307500054,209381803.47659865
Canada,Fmsy,2017,575495.4691208871,225819.0332228975,227598110.68518212
Canada,Fmsy,2018,613821.2523936259,234395.71252057713,250833750.6749507
Canada,Fmsy,2019,652317.8056577549,242019.80916053586,270239840.1249979
Canada,Fmsy,2020,692057.9287971609,251990.88798077416,299758682.11014396
Canada,Fmsy,2021,731719.068178142,260772.27683832642,324713127.7865757
Canada,Fmsy,2022,769194.6417521837,260428.61874158884,310885458.70533663
Canada,Fmsy,2023,809242.0986602302,265910.870154641,318269602.85129905
Canada,Fmsy,2024,850279.3375698974,271440.8767165035,327724652.4322522
Canada,Fmsy,2025,892275.7402718568,277045.934678527,341547913.4636056
Canada,Fmsy,2026,934811.1469137393,282433.8916889973,353801207.06785303
Canada,Fmsy,2027,977483.8848647063,287416.957624709,365555063.46450734
Canada,Fmsy,2028,1020449.9471295116,292748.6493372705,378310462.2928816
Canada,Fmsy,2029,1064067.32787352,300511.999177982,401243892.40822005
Canada,Fmsy,2030,1107153.6958223155,307879.4798031929,422332945.8478286
Canada,Fmsy,2031,1146765.8292682867,306295.84524504363,407882158.6953955
Canada,Fmsy,2032,1187264.6218508566,310744.2519078583,417623612.5115333
Canada,Fmsy,2033,1226493.3675096412,315035.0960061027,427030428.8016509
Canada,Fmsy,2034,1264241.8728751116,319150.5244643129,435853309.3217223
Canada,Fmsy,2035,1300340.9353858908,323077.9323520934,444241524.96631193
Canada,Fmsy,2036,1334673.6224047542,326844.3094172794,452204350.322905
Canada,Fmsy,2037,1367270.3894907418,330829.6687530802,461395806.6864709
Canada,Fmsy,2038,1398719.7816020702,337103.5806184693,479916760.34436244
Canada,Fmsy,2039,1428133.04221982,342856.50730414444,496667693.2946991
Canada,Fmsy,2040,1452880.1842509592,339559.68930954847,478018237.9101202
Canada,Fmsy,2041,1477634.5747967416,342222.0106350652,483233116.2227135
Canada,Fmsy,2042,1500541.0361643073,344682.62703697954,487933401.295314
Canada,Fmsy,2043,1521667.4606376349,346949.70970638905,492209545.2867214
Canada,Fmsy,2044,1541094.259173059,349035.25612345635,496063788.34331423
Canada,Fmsy,2045,1558921.0328713714,350987.3692730343,499685667.6386341
Canada,Fmsy,2046,1575360.791714725,353204.1787427527,504593295.41976756
Canada,Fmsy,2047,1591150.7293615404,357769.8443427068,518920082.080079
Canada,Fmsy,2048,1605518.682933402,361886.2722077108,531662838.2708793
Canada,Fmsy,2049,1615921.6865058562,357033.0821104704,509749886.8375472
Canada,Fmsy,2050,1627093.742314445,358224.86828524806,511569873.53027385
Canada,Opt,2013,503098.76267903333,148102.589734504,300955586.7895341
Canada,Opt,2014,558675.5641995713,151205.5729588403,296425905.18067485
Canada,Opt,2015,640470.8166862194,170833.16161734378,325316611.49347854
Canada,Opt,2016,718056.5729009252,180443.05824289695,346482738.35757315
Canada,Opt,2017,801078.4748861914,205513.80569993,395206012.9491144
Canada,Opt,2018,868482.6542083033,220086.9212023666,425068626.41211283
Canada,Opt,2019,930155.4202889381,224612.0755473,426179832.35410845
Canada,Opt,2020,999221.3597472024,231271.1024094685,443150069.9862894
Canada,Opt,2021,1071884.8796192463,233369.68255269973,444024808.5428577
Canada,Opt,2022,1152820.9161920852,233893.84109917193,444869784.4968609
Canada,Opt,2023,1242891.430102618,235122.35394499407,447953353.45316285
Canada,Opt,2024,1340751.6453066766,237078.49375827765,452240054.95111966
Canada,Opt,2025,1444686.8769372636,241414.49479549934,462310230.46257114
Canada,Opt,2026,1550956.3293586634,247047.61611837219,474673378.0900306
Canada,Opt,2027,1656917.290433332,255837.36984481497,494557667.36031455
Canada,Opt,2028,1757910.5546683068,265670.21592608775,516164231.29320616
Canada,Opt,2029,1851632.4106901193,278719.3463908041,545313324.5412778
Canada,Opt,2030,1933624.2552347207,292470.6402451103,575396820.5769494
Canada,Opt,2031,2002310.3658747848,306880.1794196478,607393426.132853
Canada,Opt,2032,2056354.9921916907,320663.7103490428,637410442.3178681
Canada,Opt,2033,2096122.0624093995,332177.83794347063,662920790.6219825
Canada,Opt,2034,2123750.3494719528,341190.9494299504,682466105.840981
Canada,Opt,2035,2141853.4716143426,347488.03538184136,696475919.046115
Canada,Opt,2036,2153235.363792653,351374.80751413706,704857495.3271184
Canada,Opt,2037,2160471.5742475786,354003.49017749133,710804239.6497993
Canada,Opt,2038,2164877.864238904,355488.6267146297,713938110.1229227
Canada,Opt,2039,2167697.911395784,356565.65547563485,716443989.3241029
Canada,Opt,2040,2169351.6863128324,357092.03970717906,717486904.0825813
Canada,Opt,2041,2170446.76717983,357544.50569891126,718594642.043084
Canada,Opt,2042,2171048.060260869,357705.36098251026,718849868.0264393
Canada,Opt,2043,2171482.536596057,357911.7051864505,719397028.9579971
Canada,Opt,2044,2171689.1256567985,357939.73254751624,719374955.1383889
Canada,Opt,2045,2171870.8341725874,358047.30542893044,719689445.3195269
Canada,Opt,2046,2171931.891066258,358030.4330911879,719581638.4518137
Canada,Opt,2047,2172015.554144475,358096.03407708614,719791165.3714548
Canada,Opt,2048,2172024.52366595,358066.64967634866,719667000.739899
Canada,Opt,2049,2172068.8592522643,358112.4463899224,719822465.2454093
Canada,Opt,2050,2172060.4724716893,358082.0396217451,719705515.8664994
Japan,Business As Usual,2013,3946887.132728359,539556.5654290043,163687033.36060292
Japan,Business As Usual,2014,4706424.388843204,658558.6270117509,369832768.9021457
Japan,Business As Usual,2015,5450961.791527318,885305.2428845135,660592402.7452013
Japan,Business As Usual,2016,6038782.6025298415,1002152.3102779224,777402706.9506661
Japan,Business As Usual,2017,6570349.715125596,1049163.5773661984,797793052.0935941
Japan,Business As Usual,2018,7111139.875658049,1132465.4514278697,822408058.7792693
Japan,Business As Usual,2019,7614241.235128614,1248076.501458753,869940389.841974
Japan,Business As Usual,2020,8036790.409665633,1366824.0512586758,912989933.7112063
Japan,Business As Usual,2021,8371227.113954644,1420476.7521982477,941913294.0341539
Japan,Business As Usual,2022,8683178.405630112,1436609.3195907078,946973332.1951877
Japan,Business As Usual,2023,9010108.524085604,1442562.717750355,954210307.7232289
Japan,Business As Usual,2024,9360177.839568168,1446409.6916707747,958367610.5959013
Japan,Business As Usual,2025,9732087.71750562,1455140.8731406026,980775549.4881668
Japan,Business As Usual,2026,10116442.184496703,1477791.251586131,1016738115.2606559
Japan,Business As Usual,2027,10493952.654329166,1509798.21199255,1072642789.1655847
Japan,Business As Usual,2028,10849521.042647492,1561548.6504490762,1149908502.8971329
Japan,Business As Usual,2029,11158296.307291655,1640135.760687993,1270551070.84326
Japan,Business As Usual,2030,11389495.735516699,1722449.5082133482,1390474599.4224029
Japan,Business As Usual,2031,11537256.592604032,1784555.7386732162,1486767598.3874247
Japan,Business As Usual,2032,11621388.837070966,1819913.684754748,1539275854.9929311
Japan,Business As Usual,2033,11669028.449164115,1837870.695797495,1574637615.595152
Japan,Business As Usual,2034,11697986.94929877,1848922.9297014156,1595383044.9646287
Japan,Business As Usual,2035,11715426.315063395,1855626.625016559,1614936198.6333656
Japan,Business As Usual,2036,11725872.86004452,1859657.785316091,1625821791.9982517
Japan,Business As Usual,2037,11732113.685551371,1862070.151165363,1638094224.248473
Japan,Business As Usual,2038,11735838.626426114,1863510.3148188014,1647421521.7843277
Japan,Business As Usual,2039,11738062.939109761,1864369.4403591005,1656961551.2692502
Japan,Business As Usual,2040,11739393.370076416,1864882.2146501776,1662187638.4976
Japan,Business As Usual,2041,11740191.452352963,1865188.7714859592,1669255298.8740118
Japan,Business As Usual,2042,11740672.279366111,1865372.5633017167,1672881581.64291
Japan,Business As Usual,2043,11740963.747896865,1865483.22045622,1675592738.7128596
Japan,Business As Usual,2044,11741141.916705895,1865550.2444891252,1673610357.4684205
Japan,Business As Usual,2045,11741252.05016642,1865591.174557964,1672366210.0656593
Japan,Business As Usual,2046,11741321.12238101,1865616.4453836703,1670393285.3156312
Japan,Business As Usual,2047,11741365.240956562,1865632.2729588284,1669064590.7262793
Japan,Business As Usual,2048,11741394.05308108,1865642.3674430165,1665626158.0348992
Japan,Business As Usual,2049,11741413.360633347,1865648.9496044798,1661342259.4771655
Japan,Business As Usual,2050,11741426.672814015,1865653.3540013623,1658295947.7029636
Japan,Fmsy,2013,3946887.132728359,1072944.5121303254,295782196.2543985
Japan,Fmsy,2014,4173036.4421418826,1075735.1117922708,426441392.85873884
Japan,Fmsy,2015,4487179.316769355,1123303.358319754,502302055.0817971
Japan,Fmsy,2016,4815825.779516261,1179589.5147390447,572696424.5887796
Japan,Fmsy,2017,5140914.3921129815,1236163.1193167407,638290493.2341754
Japan,Fmsy,2018,5456002.454823701,1290182.6298398997,697301564.5986867
Japan,Fmsy,2019,5758710.666915336,1340691.8655582045,750006272.2247492
Japan,Fmsy,2020,6048356.791148297,1387484.6276036557,797109808.8307679
Japan,Fmsy,2021,6325032.023109874,1430670.0629647188,838855523.6085055
Japan,Fmsy,2022,6589190.14242134,1470488.1622645273,872710101.8083587
Japan,Fmsy,2023,6841437.081314069,1507225.6031288458,896187302.061616
Japan,Fmsy,2024,7082406.560512922,1541174.3881367717,921307633.2409624
Japan,Fmsy,2025,7312681.754289864,1572610.2466450776,954004768.3997198
Japan,Fmsy,2026,7532749.561442838,1601781.4840088754,982602885.5317142
Japan,Fmsy,2027,7742981.361530119,1628904.239807954,1011088235.9855539
Japan,Fmsy,2028,7943634.778656244,1654162.0132129882,1036924643.7893786
Japan,Fmsy,2029,8134870.355279973,1677707.9893462579,1062088893.8210237
Japan,Fmsy,2030,8316776.969454054,1699669.015660717,1085163368.6934505
Japan,Fmsy,2031,8489400.550254164,1720150.320232045,1107623786.1731455
Japan,Fmsy,2032,8652771.871310325,1739240.2987427996,1128194492.0910556
Japan,Fmsy,2033,8806930.582277017,1757014.918199286,1147667257.5683942
Japan,Fmsy,2034,8951943.917757116,1773541.476400544,1165561517.040609
Japan,Fmsy,2035,9087919.563468575,1788881.6066128006,1182291724.4907162
Japan,Fmsy,2036,9215012.912782624,1803093.524883337,1197598794.7859359
Japan,Fmsy,2037,9333429.424889458,1816233.5869435302,1211807461.242377
Japan,Fmsy,2038,9443423.042274773,1828357.2597182412,1224695082.2866936
Japan,Fmsy,2039,9545291.6955727,1839519.626959742,1236476096.4373927
Japan,Fmsy,2040,9639370.873506475,1849775.5468646972,1247375587.8612604
Japan,Fmsy,2041,9726026.112590149,1859179.5679514278,1257109812.8431227
Japan,Fmsy,2042,9805645.103388892,1867785.6928023254,1265794724.8058774
Japan,Fmsy,2043,9878629.944682935,1875647.0609692647,1273643463.0017679
Japan,Fmsy,2044,9945389.921630759,1882815.6046639709,1280637825.7981465
Japan,Fmsy,2045,10006335.049077012,1889341.7151291987,1286868601.257158
Japan,Fmsy,2046,10061870.510871204,1895273.9444301939,1292334123.2701023
Japan,Fmsy,2047,10112392.040908068,1900658.7569613447,1297106170.0082836
Japan,Fmsy,2048,10158282.229604281,1905540.3370743326,1301192510.8143532
Japan,Fmsy,2049,10199907.697446778,1909960.4535833579,1304996324.4811718
Japan,Fmsy,2050,10237617.051374992,1913958.3781052614,1308119867.4781399
Japan,Opt,2013,3946887.132728359,423634.10004959814,192079017.2009643
Japan,Opt,2014,4822346.85422261,432101.0492735886,300516624.9040665
Japan,Opt,2015,5833616.073137857,737776.0396405485,634530551.3174171
Japan,Opt,2016,6612861.187905414,898284.5570340012,802693374.5618167
Japan,Opt,2017,7293046.543049986,987466.7260780243,862380802.4592712
Japan,Opt,2018,7937170.699941202,1110363.6224436054,932713366.1562217
Japan,Opt,2019,8499390.951168703,1253422.3333202002,1004150113.9366001
Japan,Opt,2020,8950040.092198312,1385952.2391465139,1065156323.1828307
Japan,Opt,2021,9296804.98982056,1446034.1091771224,1093863503.2369504
Japan,Opt,2022,9613621.805721452,1464901.6764556752,1103902805.113395
Japan,Opt,2023,9942165.340317369,1471910.9816108954,1107990347.9576263
Japan,Opt,2024,10292524.0113052,1476085.9050965596,1112056218.1693842
Japan,Opt,2025,10664248.009920804,1484873.4591374907,1124229254.6842809
Japan,Opt,2026,11048268.731327964,1507476.9064665823,1156441680.3388982
Japan,Opt,2027,11425430.29529903,1539409.6810908332,1201958643.0085058
Japan,Opt,2028,11780677.995517723,1591082.8511969328,1275134317.5465682
Japan,Opt,2029,12089174.311522288,1669600.0812659683,1385167975.0679672
Japan,Opt,2030,12320136.255568614,1751853.0828362622,1499724165.73663
Japan,Opt,2031,12467697.311853658,1813907.8658250289,1585957244.9336429
Japan,Opt,2032,12551662.257335702,1849222.5334132107,1635153757.7793713
Japan,Opt,2033,12599162.198757442,1867143.3568865715,1660278442.779867
Japan,Opt,2034,12628004.222876318,1878165.3601117707,1675741241.7913303
Japan,Opt,2035,12645346.526276326,1884843.833971905,1685114251.852434
Japan,Opt,2036,12655712.201379659,1888853.9480694302,1690743676.4525723
Japan,Opt,2037,12661885.653575009,1891248.7533123246,1694106007.4118867
Japan,Opt,2038,12665554.459056886,1892674.259281499,1696107605.9405797
Japan,Opt,2039,12667731.992567973,1893521.1472400543,1697296809.4307985
Japan,Opt,2040,12669023.4320679,1894023.7005427321,1698002518.4395742
Japan,Opt,2041,12669789.005618997,1894321.717838017,1698421015.8876595
Japan,Opt,2042,12670242.720702967,1894498.3722429974,1698669089.4637744
Japan,Opt,2043,12670511.570979362,1894603.0617590803,1698816104.5667207
Japan,Opt,2044,12670670.864014463,1894665.0943482642,1698903217.0357857
Japan,Opt,2045,12670765.239426743,1894701.8479628845,1698954830.310402
Japan,Opt,2046,12670821.151621707,1894723.6229746446,1698985409.1035721
Japan,Opt,2047,12670854.275846966,1894736.5233972976,1699003525.2659004
Japan,Opt,2048,12670873.899500018,1894744.1660090596,1699014257.849324
Japan,Opt,2049,12670885.524983183,1894748.6936834822,1699020616.101826
Japan,Opt,2050,12670892.412146553,1894751.3759743203,1699024382.8668067
Multinational,Business As Usual,2013,60493478.37238932,13034304.227444481,9707525466.977156
Multinational,Business As Usual,2014,60147931.6268294,11112461.490363413,8363672329.715006
Multinational,Business As Usual,2015,63584026.238683976,12618261.137555996,9748299340.010027
Multinational,Business As Usual,2016,65697723.32065976,12789443.480590012,9594029328.916319
Multinational,Business As Usual,2017,67838705.28407376,13374748.652251512,10128181024.24619
Multinational,Business As Usual,2018,69498930.46560274,13483501.01183708,9980242816.05727
Multinational,Business As Usual,2019,71220505.11625351,13887413.449345334,10323903689.709515
Multinational,Business As Usual,2020,72644153.78495899,13977388.273509286,10283445510.627993
Multinational,Business As Usual,2021,74162564.60861488,14287649.773319233,10618298747.871765
Multinational,Business As Usual,2022,75563980.62451509,14469726.474295387,10658387203.15725
Multinational,Business As Usual,2023,77125270.43744534,14896781.14400596,10990722529.213736
Multinational,Business As Usual,2024,78553466.87070566,15001783.14441641,11024960290.111408
Multinational,Business As Usual,2025,80072497.2923521,15125065.625551494,11258304118.176737
Multinational,Business As Usual,2026,81571038.63418254,15171902.8240291,11305960391.449604
Multinational,Business As Usual,2027,83179365.35715336,15302243.096716624,11532417296.919846
Multinational,Business As Usual,2028,84763393.15296695,15357424.505096972,11598789357.114195
Multinational,Business As Usual,2029,86432985.24053966,15496391.26736016,11823776655.171913
Multinational,Business As Usual,2030,88060799.0974992,15574083.328960987,11935005315.43097
Multinational,Business As Usual,2031,89738094.5419977,15719441.04463616,12180310373.770164
Multinational,Business As Usual,2032,91356218.6864023,15807878.164867042,12319807874.686966
Multinational,Business As Usual,2033,93001703.64614123,15942201.767151508,12573452492.64926
Multinational,Business As Usual,2034,94589428.38037586,16017854.154280977,12716506468.202242
Multinational,Business As Usual,2035,96207916.20031978,16126409.30013788,12928426647.864067
Multinational,Business As Usual,2036,97785201.70731921,16181356.542936172,13031713037.605179
Multinational,Business As Usual,2037,99404257.31504023,16269907.394628473,13196782986.63462
Multinational,Business As Usual,2038,100991387.70361693,16314867.032784633,13297172076.68325
Multinational,Business As Usual,2039,102618966.33650452,16400099.81402291,13442901849.275242
Multinational,Business As Usual,2040,104205428.83152273,16451418.120004566,13514614623.84084
Multinational,Business As Usual,2041,105813279.19716857,16552891.57101899,13646450259.127064
Multinational,Business As Usual,2042,107350030.26087104,16631687.593171742,13717288058.719402
Multinational,Business As Usual,2043,108867378.27640998,16761372.899422636,13822085606.404337
Multinational,Business As Usual,2044,110271564.46674433,16876639.53816989,13857917872.18272
Multinational,Business As Usual,2045,111607531.86690582,17034566.927758444,13937565602.283346
Multinational,Business As Usual,2046,112790149.47434999,17172810.495890237,13981932035.738754
Multinational,Business As Usual,2047,113872104.26440239,17342141.325176693,14062789541.235254
Multinational,Business As Usual,2048,114780878.75836559,17467573.06695124,14085677730.802105
Multinational,Business As Usual,2049,115596139.61172324,17635858.429765303,14136135059.797672
Multinational,Business As Usual,2050,116234394.4014083,17748734.235597227,14154413002.550066
Multinational,Fmsy,2013,60493478.37238932,19821496.621338595,8818222537.699549
Multinational,Fmsy,2014,54310780.593161374,13881407.63701186,7522064984.717278
Multinational,Fmsy,2015,54963078.32495172,14185914.101020785,7709865517.753781
Multinational,Fmsy,2016,56126325.69978503,14536437.084972734,7904809462.354245
Multinational,Fmsy,2017,57354351.83804576,14710157.326536676,8087453682.313412
Multinational,Fmsy,2018,58686923.10980075,14864788.148229653,8268259787.567437
Multinational,Fmsy,2019,60098858.45191198,15019228.974798148,8435337490.929768
Multinational,Fmsy,2020,61578439.19344969,15183713.535363428,8592562316.551577
Multinational,Fmsy,2021,63158525.484073594,15425482.095522275,8765567793.079098
Multinational,Fmsy,2022,64950214.40204672,15937635.972744772,9013806247.558754
Multinational,Fmsy,2023,67017065.272192106,16837088.378058974,9364324345.133255
Multinational,Fmsy,2024,68960315.10773285,17478239.036404084,9618698230.392742
Multinational,Fmsy,2025,70583974.15318243,17550956.407366518,9694597344.786924
Multinational,Fmsy,2026,72297694.43524939,17744604.036806,9810730879.150112
Multinational,Fmsy,2027,73972963.25808108,17852227.613526385,9883553726.122726
Multinational,Fmsy,2028,75687490.7090036,18019177.38003452,9977690860.898634
Multinational,Fmsy,2029,77374015.2618601,18140511.17272973,10044516437.698324
Multinational,Fmsy,2030,79070000.51368164,18292646.663768552,10122108957.06383
Multinational,Fmsy,2031,80736666.07894836,18417627.025706537,10184835473.05669
Multinational,Fmsy,2032,82393265.39421451,18559040.42856825,10251926256.920717
Multinational,Fmsy,2033,84015718.03889349,18682413.49534648,10305743192.802937
Multinational,Fmsy,2034,85614677.9031394,18814352.72355487,10362405800.755884
Multinational,Fmsy,2035,87174536.16420533,18933152.41338798,10409100934.023005
Multinational,Fmsy,2036,88701748.7185428,19055903.659712244,10457054494.866379
Multinational,Fmsy,2037,90186071.25407292,19168404.71046375,10497934872.431213
Multinational,Fmsy,2038,91631854.17692703,19282032.482304554,10538671999.322348
Multinational,Fmsy,2039,93032466.36312266,19387277.870584212,10573295166.11863
Multinational,Fmsy,2040,94391169.77038026,19491898.47773064,10610186346.847986
Multinational,Fmsy,2041,95703839.01341437,19589449.533064548,10640639899.155437
Multinational,Fmsy,2042,96973143.98673633,19685308.480727874,10669854521.669327
Multinational,Fmsy,2043,98196706.63670856,19775086.413359538,10695770422.200615
Multinational,Fmsy,2044,99376844.41948134,19862555.60267383,10720811424.647442
Multinational,Fmsy,2045,100512386.43189815,19944727.673083656,10742816480.771553
Multinational,Fmsy,2046,101605411.66836156,20024274.1274367,10763440957.987442
Multinational,Fmsy,2047,102655567.93897712,20099167.980261568,10781145382.91344
Multinational,Fmsy,2048,103664750.4536535,20171317.22810756,10797058828.001156
Multinational,Fmsy,2049,104633148.54253887,20239356.710687596,10813512699.109304
Multinational,Fmsy,2050,105562502.11368567,20304660.488568358,10827203643.203814
Multinational,Opt,2013,60493478.37238932,14908752.269078465,12139648505.690304
Multinational,Opt,2014,58273483.585195415,8153681.602346881,7271277263.080626
Multinational,Opt,2015,66343635.342637725,12328499.130076634,10045705433.154305
Multinational,Opt,2016,70277618.79748206,12628270.49682875,10394878521.344725
Multinational,Opt,2017,74421656.8493351,13899697.50215178,11297800323.111706
Multinational,Opt,2018,77423853.49744107,13756077.69464529,11329783147.057753
Multinational,Opt,2019,80930834.65621862,14377829.387351442,11786351462.881882
Multinational,Opt,2020,84063608.40765297,14219550.99898664,11789237364.419199
Multinational,Opt,2021,87803859.3779554,14628508.953636736,12102946261.863804
Multinational,Opt,2022,91719918.08708082,15012844.437995516,12303392832.164564
Multinational,Opt,2023,95536105.48240468,15215975.088828305,12489690438.098013
Multinational,Opt,2024,99457932.42635447,15143649.983229127,12487772323.341005
Multinational,Opt,2025,103694190.70466892,15370627.777780982,12671656178.798347
Multinational,Opt,2026,107880857.13001613,15464134.936001008,12721579153.774426
Multinational,Opt,2027,112147697.06857857,15838853.695703913,12936962712.620913
Multinational,Opt,2028,116155592.79879412,16170036.548474904,13076892039.264797
Multinational,Opt,2029,119937245.22652553,16723639.482540525,13356540868.181625
Multinational,Opt,2030,123228641.2010557,17185288.9987574,13568302185.120111
Multinational,Opt,2031,126119191.36451174,17693676.93966761,13848995622.728584
Multinational,Opt,2032,128541701.89278124,18037187.720315997,14042099246.592897
Multinational,Opt,2033,130667867.52349107,18355106.640344013,14252777597.525433
Multinational,Opt,2034,132514469.89346899,18550188.864905536,14379244788.275337
Multinational,Opt,2035,134211701.45612533,18730832.40823121,14509212452.334003
Multinational,Opt,2036,135767942.1172497,18828035.621585995,14570694048.018225
Multinational,Opt,2037,137270876.58728573,18927558.218165074,14644505588.645525
Multinational,Opt,2038,138711881.11262673,18976415.41057428,14673465399.4286
Multinational,Opt,2039,140142583.55424085,19042986.192596994,14723125631.033281
Multinational,Opt,2040,141538384.79795644,19081801.978126645,14744041520.75461
Multinational,Opt,2041,142925590.69484302,19151789.511300568,14790370821.073483
Multinational,Opt,2042,144265849.9163812,19212714.315229382,14819295519.923319
Multinational,Opt,2043,145565386.0939626,19306456.520477757,14872993600.96988
Multinational,Opt,2044,146784517.47385848,19403725.104211506,14916102619.948103
Multinational,Opt,2045,147916819.1146246,19525193.260281686,14979068396.146984
Multinational,Opt,2046,148932534.02547926,19647619.443985254,15031799424.54504
Multinational,Opt,2047,149828874.91014993,19781710.106811248,15097364701.601053
Multinational,Opt,2048,150590592.09151265,19894329.316825688,15144948448.42573
Multinational,Opt,2049,151238781.65366277,20029253.887061223,15208753320.819061
Multinational,Opt,2050,151749285.0931585,20132464.847857196,15251139817.667503
New Zealand,Business As Usual,2013,3164747.13671428,1006271.9014707917,1283398978.385299
New Zealand,Business As Usual,2014,2383804.500384934,307910.48053009534,490113072.793592
New Zealand,Business As Usual,2015,2391287.5291369245,312849.0051480203,463328297.22928405
New Zealand,Business As Usual,2016,2396420.882656932,320484.24783733196,458825099.5877175
New Zealand,Business As Usual,2017,2394329.4846474035,317396.3070052102,456771096.7258382
New Zealand,Business As Usual,2018,2396187.3826093585,315177.5097626897,444295983.24592155
New Zealand,Business As Usual,2019,2400863.199320456,314519.9478046067,444787453.44606113
New Zealand,Business As Usual,2020,2406498.3724424304,315059.72614281875,442912094.42458177
New Zealand,Business As Usual,2021,2411730.2916071536,315975.0579991269,448320789.40193856
New Zealand,Business As Usual,2022,2416097.492391496,316662.79243607377,448557299.8178321
New Zealand,Business As Usual,2023,2419808.260626611,317119.85780871764,451445966.98692846
New Zealand,Business As Usual,2024,2423089.3940119687,317393.3125970106,451937965.13030267
New Zealand,Business As Usual,2025,2426127.6181770363,317568.2173608864,456461358.57441354
New Zealand,Business As Usual,2026,2429021.499366907,317677.8938570401,457722565.5281556
New Zealand,Business As Usual,2027,2431836.0931464247,317769.3282716939,461405957.6710325
New Zealand,Business As Usual,2028,2434587.44787352,317848.143865766,462053055.4450444
New Zealand,Business As Usual,2029,2437285.9534186544,317922.6708414978,464456947.70723397
New Zealand,Business As Usual,2030,2439933.0612879065,317994.61514530686,464795407.863781
New Zealand,Business As Usual,2031,2442528.768526626,318069.78773916536,466849291.3187112
New Zealand,Business As Usual,2032,2445067.270603109,318154.15063396504,467258658.31826526
New Zealand,Business As Usual,2033,2447537.1233717315,318238.71868378686,469941302.4268357
New Zealand,Business As Usual,2034,2449936.0247104666,318321.8911859654,471295756.9036159
New Zealand,Business As Usual,2035,2452263.5348092164,318403.35183765134,474102679.6247606
New Zealand,Business As Usual,2036,2454519.6934292098,318487.59204655146,475570241.75831395
New Zealand,Business As Usual,2037,2456700.233511037,318570.5777180367,478094277.8447355
New Zealand,Business As Usual,2038,2458805.027255527,318650.99652342405,480191848.5675709
New Zealand,Business As Usual,2039,2460835.395604118,318728.795230008,482587782.7408202
New Zealand,Business As Usual,2040,2462792.823511352,318806.7712957514,483922107.6601161
New Zealand,Business As Usual,2041,2464676.106247001,318887.325909114,485861073.0102794
New Zealand,Business As Usual,2042,2466481.722652356,318964.7370947938,486886361.2688094
New Zealand,Business As Usual,2043,2468211.9742525835,319039.1124335542,487683521.5951372
New Zealand,Business As Usual,2044,2469869.1365963584,319110.541558611,487183564.1793861
New Zealand,Business As Usual,2045,2471455.4734947975,319182.6799902952,486901184.218816
New Zealand,Business As Usual,2046,2472969.6639431203,319254.87865775457,486421009.4821421
New Zealand,Business As Usual,2047,2474411.1044094735,319324.1608804316,486121422.3791794
New Zealand,Business As Usual,2048,2475782.23688123,319390.7429523701,485230647.79491997
New Zealand,Business As Usual,2049,2477085.3529722565,319454.75715355814,484101388.12595886
New Zealand,Business As Usual,2050,2478322.673467145,319515.9851450406,483315790.51301914
New Zealand,Fmsy,2013,3164747.13671428,554977.3670054271,546967638.5132614
New Zealand,Fmsy,2014,2835099.0348502984,479714.70021540666,531412383.95581305
New Zealand,Fmsy,2015,2632989.98623945,438469.6648309863,493645328.1024152
New Zealand,Fmsy,2016,2493354.1552013606,411695.0021311824,468627071.1503535
New Zealand,Fmsy,2017,2391801.413777005,393243.92991514126,452343638.3651631
New Zealand,Fmsy,2018,2315399.354438592,380032.84669878613,440524724.08754516
New Zealand,Fmsy,2019,2256479.993031461,370311.05363132706,431279313.7290195
New Zealand,Fmsy,2020,2210165.4505605265,363008.0075553201,423677102.9085014
New Zealand,Fmsy,2021,2173189.9894198063,357431.8243114968,416988277.0501832
New Zealand,Fmsy,2022,2143280.787464367,353115.6285418906,409550151.2801457
New Zealand,Fmsy,2023,2118809.1180414692,349734.18014165905,400030376.40588206
New Zealand,Fmsy,2024,2098581.4172042874,347055.5977727271,393074555.7552222
New Zealand,Fmsy,2025,2081707.365813357,344911.64853211935,390503658.470984
New Zealand,Fmsy,2026,2067513.063191556,343178.5772114513,387406418.4299285
New Zealand,Fmsy,2027,2055482.0104868028,341764.29879310017,385167985.6117459
New Zealand,Fmsy,2028,2045213.9661059694,340599.61552278535,382735216.32155186
New Zealand,Fmsy,2029,2036395.6699455357,339632.07002785825,380760158.3679477
New Zealand,Fmsy,2030,2028779.6629308595,338821.57288688864,378687565.9156845
New Zealand,Fmsy,2031,2022168.7507584533,338137.2512378516,376998555.7708987
New Zealand,Fmsy,2032,2016404.4750180454,337555.152789728,375229378.7967316
New Zealand,Fmsy,2033,2011358.4727270936,337056.55791839707,373631179.31119585
New Zealand,Fmsy,2034,2006925.944060452,336626.7292405366,372028789.4531073
New Zealand,Fmsy,2035,2003020.675163811,336253.9790426579,370543864.92844373
New Zealand,Fmsy,2036,1999571.2184678428,335928.9695539859,369077723.21145695
New Zealand,Fmsy,2037,1996517.9413820647,335644.1849769562,367717936.2111003
New Zealand,Fmsy,2038,1993810.7310569906,335393.53097914095,366377036.6228369
New Zealand,Fmsy,2039,1991407.1980035696,335172.02928185445,365103876.9849858
New Zealand,Fmsy,2040,1989271.2613159216,334975.5835474342,363947444.8271755
New Zealand,Fmsy,2041,1987372.027484082,334800.79897055624,362800431.39913905
New Zealand,Fmsy,2042,1985682.8963483144,334644.8425026185,361678102.60014135
New Zealand,Fmsy,2043,1984180.843757142,334505.3339564788,360623775.38635796
New Zealand,Fmsy,2044,1982845.8424482213,334380.2606851173,359611009.68288755
New Zealand,Fmsy,2045,1981660.3916481575,334267.91033913457,358646318.782114
New Zealand,Fmsy,2046,1980609.1326598933,334166.8175544649,357709369.3007099
New Zealand,Fmsy,2047,1979678.5328391553,334075.7214261971,356802248.3580257
New Zealand,Fmsy,2048,1978856.6242687933,333993.53137636743,355909099.28285843
New Zealand,Fmsy,2049,1978132.786427097,333919.2995883806,355129710.16392785
New Zealand,Fmsy,2050,1977497.5644398262,333852.19860632514,354332086.7126161
New Zealand,Opt,2013,3164747.13671428,1005013.002176484,1333072165.8893595
New Zealand,Opt,2014,2385063.3996792417,306610.69140099565,447887005.1219755
New Zealand,Opt,2015,2393977.3713879855,311512.6971048295,434642849.23673356
New Zealand,Opt,2016,2400700.6038781404,319119.6836192145,442559144.6302399
New Zealand,Opt,2017,2400335.907943179,316015.31622103305,444451449.7609493
New Zealand,Opt,2018,2404027.107918461,313806.290186301,439518160.82487994
New Zealand,Opt,2019,2410594.800104166,313195.16349592514,440997304.66711396
New Zealand,Opt,2020,2418119.7143083154,313827.4858004577,441988569.3988977
New Zealand,Opt,2021,2425168.977279469,314885.0331188512,444967712.5886099
New Zealand,Opt,2022,2431209.5682676025,315757.9782873281,446535771.0500035
New Zealand,Opt,2023,2436389.3800666356,316425.57679028984,448161955.24299544
New Zealand,Opt,2024,2440898.400053883,316910.0632819403,449052301.0274948
New Zealand,Opt,2025,2444917.4163190797,317283.6272768245,449900087.5478384
New Zealand,Opt,2026,2448556.8387013716,317559.36582531396,450411269.43480116
New Zealand,Opt,2027,2451917.1521438872,317786.326855114,450876489.53298545
New Zealand,Opt,2028,2455049.285988037,317964.95274486067,451180819.39627814
New Zealand,Opt,2029,2458004.1596548297,318110.60222017416,451435844.179833
New Zealand,Opt,2030,2460816.2804442444,318231.6070166416,451615764.26620275
New Zealand,Opt,2031,2463511.396756011,318344.22872261365,451782411.0576676
New Zealand,Opt,2032,2466098.308309081,318452.55248513224,451919951.12362736
New Zealand,Opt,2033,2468581.60892526,318550.35031327675,452037777.172318
New Zealand,Opt,2034,2470971.7110766675,318639.6324710549,452135664.44875497
New Zealand,Opt,2035,2473276.7916780924,318722.58232588205,452223673.35120624
New Zealand,Opt,2036,2475502.6521097384,318805.393951708,452306730.0813127
New Zealand,Opt,2037,2477648.827485761,318885.17826355336,452385424.44606394
New Zealand,Opt,2038,2479717.6618248057,318961.3840734351,452458896.9012249
New Zealand,Opt,2039,2481712.05210389,319034.4580123156,452528932.80855167
New Zealand,Opt,2040,2483634.4604439735,319107.5210364762,452598257.72124314
New Zealand,Opt,2041,2485484.261748448,319183.17958329635,452670235.2426105
New Zealand,Opt,2042,2487258.2527481806,319255.8381356451,452739021.89574116
New Zealand,Opt,2043,2488958.8823096426,319325.6785826982,452805065.51621026
New Zealand,Opt,2044,2490588.4637954957,319392.8306278851,452868458.58597666
New Zealand,Opt,2045,2492149.2299808925,319460.96762414766,452932673.8056601
New Zealand,Opt,2046,2493639.786973137,319529.4441093619,452997093.164223
New Zealand,Opt,2047,2495059.4343190514,319595.2781198266,453059057.54360646
New Zealand,Opt,2048,2496410.5047211032,319658.675306498,453118706.7459802
New Zealand,Opt,2049,2497695.175703504,319719.7542720585,453176160.3038847
New Zealand,Opt,2050,2498915.553972704,319778.2814848535,453231279.45641774
Peru,Business As Usual,2013,5295570.493689548,2875852.538663035,2834700578.0517893
Peru,Business As Usual,2014,6054508.586882298,3825333.0107074766,4438063828.319234
Peru,Business As Usual,2015,5688619.5159065025,3225753.3614206915,3614927328.7069397
Peru,Business As Usual,2016,6019774.584321231,3768533.021449081,4135336080.2084703
Peru,Business As Usual,2017,5720937.1333542215,3277003.7098759473,3538385195.571019
Peru,Business As Usual,2018,5993182.7256933795,3723505.394842637,3978508497.5684023
Peru,Business As Usual,2019,5747081.690214652,3318736.8024719483,3517607638.4007883
Peru,Business As Usual,2020,5971261.482681466,3686575.838422704,3904389107.341468
Peru,Business As Usual,2021,5768353.36123503,3352871.1947428603,3555969916.7256536
Peru,Business As Usual,2022,5953156.578999857,3656204.5151276467,3886775825.77071
Peru,Business As Usual,2023,5785730.224195682,3380875.2319899527,3593901784.9271755
Peru,Business As Usual,2024,5938187.458932665,3631181.6940185577,3874942859.0857763
Peru,Business As Usual,2025,5799966.425195945,3403898.0160058667,3654554529.1522274
Peru,Business As Usual,2026,5925803.845842871,3610541.2023323537,3898009968.6433973
Peru,Business As Usual,2027,5811654.040612623,3422853.1832170403,3714712410.3496413
Peru,Business As Usual,2028,5915556.442601218,3593502.554621149,3914449027.684346
Peru,Business As Usual,2029,5821264.080353796,3438475.351656707,3756530780.0519133
Peru,Business As Usual,2030,5907076.105629202,3579430.3401486273,3920681981.0481844
Peru,Business As Usual,2031,5829174.874251494,3451359.892944506,3789959557.8737316
Peru,Business As Usual,2032,5900058.37034686,3567804.525267467,3927027968.679554
Peru,Business As Usual,2033,5835692.462411265,3461992.0255646007,3826544844.511842
Peru,Business As Usual,2034,5894251.540563602,3558197.9984805286,3949067134.130478
Peru,Business As Usual,2035,5841065.6965227425,3470768.7528565684,3870107036.7288456
Peru,Business As Usual,2036,5889447.276449779,3550259.144057147,3974910968.285121
Peru,Business As Usual,2037,5845497.703989253,3478015.8041266827,3910551172.944577
Peru,Business As Usual,2038,5885473.017139479,3543698.052243025,4005214534.051406
Peru,Business As Usual,2039,5849154.762845335,3484000.9566587186,3953934875.6257076
Peru,Business As Usual,2040,5882185.80331947,3538275.452352694,4029155866.2972183
Peru,Business As Usual,2041,5852173.277589279,3488944.654499673,3985870505.9612694
Peru,Business As Usual,2042,5879467.200305574,3533793.742493459,4047558867.556585
Peru,Business As Usual,2043,5854665.326762705,3493028.556983697,4004638402.8248205
Peru,Business As Usual,2044,5877219.104856751,3530089.6687766663,4044164813.4220114
Peru,Business As Usual,2045,5856723.114167064,3496402.470360862,4000627252.088584
Peru,Business As Usual,2046,5875360.272022337,3527028.3229491524,4032536430.1554604
Peru,Business As Usual,2047,5858422.564612979,3499189.9976075096,3995973929.6598086
Peru,Business As Usual,2048,5873823.434119897,3524498.2057931386,4018014732.06351
Peru,Business As Usual,2049,5859826.243541728,3501493.160663862,3980346595.2913113
Peru,Business As Usual,2050,5872552.909406261,3522407.158841251,3997981882.326998
Peru,Fmsy,2013,5295570.493689548,4354659.814212967,2973775745.1169887
Peru,Fmsy,2014,4575701.311332366,3762696.133692289,2805306653.714001
Peru,Fmsy,2015,4512831.284522884,3710996.778619593,2824948973.9239955
Peru,Fmsy,2016,4502261.9898972465,3702305.423717287,2864461765.936501
Peru,Fmsy,2017,4500401.352367196,3700775.3820549985,2904522152.0180297
Peru,Fmsy,2018,4500071.294327564,3700503.9683360695,2935217437.285704
Peru,Fmsy,2019,4500012.66693977,3700455.7577929483,2956831010.283921
Peru,Fmsy,2020,4500002.250629403,3700447.192240243,2970649521.051577
Peru,Fmsy,2021,4500000.399888607,3700445.670336874,2976004095.4635253
Peru,Fmsy,2022,4500000.071051716,3700445.399927332,2962862395.645185
Peru,Fmsy,2023,4500000.012624382,3700445.3518812973,2922666649.662173
Peru,Fmsy,2024,4500000.002243087,3700445.3433445385,2895622527.4236426
Peru,Fmsy,2025,4500000.0003985455,3700445.341827733,2898947081.2411456
Peru,Fmsy,2026,4500000.000070808,3700445.3415582282,2893333035.3560843
Peru,Fmsy,2027,4500000.000012579,3700445.3415103448,2891280240.6200366
Peru,Fmsy,2028,4500000.000002233,3700445.341501837,2884718312.266421
Peru,Fmsy,2029,4500000.000000397,3700445.341500327,2879701415.18977
Peru,Fmsy,2030,4500000.000000069,3700445.341500058,2872001551.238048
Peru,Fmsy,2031,4500000.000000011,3700445.34150001,2866037955.4654746
Peru,Fmsy,2032,4500000.000000002,3700445.3415000024,2858164134.608502
Peru,Fmsy,2033,4499999.999999995,3700445.3414999973,2850728224.0498395
Peru,Fmsy,2034,4499999.999999997,3700445.3414999982,2842417757.630299
Peru,Fmsy,2035,4499999.999999997,3700445.3414999987,2834407304.5886455
Peru,Fmsy,2036,4499999.999999999,3700445.3415,2825969885.310324
Peru,Fmsy,2037,4499999.999999998,3700445.341499999,2817943560.6130233
Peru,Fmsy,2038,4499999.999999997,3700445.3414999982,2809657168.6490455
Peru,Fmsy,2039,4499999.999999997,3700445.3414999987,2801588887.0987554
Peru,Fmsy,2040,4499999.999999999,3700445.3415,2794208442.7261987
Peru,Fmsy,2041,4499999.999999998,3700445.341499999,2786640897.402943
Peru,Fmsy,2042,4499999.999999997,3700445.3414999982,2779051509.7257876
Peru,Fmsy,2043,4499999.999999997,3700445.3414999987,2771840401.277946
Peru,Fmsy,2044,4499999.999999999,3700445.3415,2764806320.0386252
Peru,Fmsy,2045,4499999.999999998,3700445.341499999,2758026243.796945
Peru,Fmsy,2046,4499999.999999997,3700445.3414999982,2751344079.911156
Peru,Fmsy,2047,4499999.999999997,3700445.3414999987,2744793173.819677
Peru,Fmsy,2048,4499999.999999999,3700445.3415,2738250931.955704
Peru,Fmsy,2049,4499999.999999998,3700445.341499999,2732584651.316891
Peru,Fmsy,2050,4499999.999999997,3700445.3414999982,2726672672.6474643
Peru,Opt,2013,5295570.493689548,2875852.538663035,2948837198.1129284
Peru,Opt,2014,6054508.586882298,3825333.0107074766,4032344078.681632
Peru,Opt,2015,5688619.5159065025,3225753.3614206915,3369927929.850135
Peru,Opt,2016,6019774.584321231,3768533.021449081,3968964915.1071653
Peru,Opt,2017,5720937.1333542215,3277003.7098759473,3426228196.759547
Peru,Opt,2018,5993182.7256933795,3723505.394842637,3919047659.7613716
Peru,Opt,2019,5747081.690214652,3318736.8024719483,3472115716.0728397
Peru,Opt,2020,5971261.482681466,3686575.838422704,3878136548.2535524
Peru,Opt,2021,5768353.36123503,3352871.1947428603,3509675938.7447805
Peru,Opt,2022,5953156.578999857,3656204.5151276467,3844510334.7811317
Peru,Opt,2023,5785730.224195682,3380875.2319899527,3540509043.3709164
Peru,Opt,2024,5938187.458932665,3631181.6940185577,3816819227.8340282
Peru,Opt,2025,5799966.425195945,3403898.0160058667,3565870046.8853188
Peru,Opt,2026,5925803.845842871,3610541.2023323537,3793986940.850362
Peru,Opt,2027,5811654.040612623,3422853.1832170403,3586758642.9135585
Peru,Opt,2028,5915556.442601218,3593502.554621149,3775145270.019926
Peru,Opt,2029,5821264.080353796,3438475.351656707,3603979888.858036
Peru,Opt,2030,5907076.105629202,3579430.3401486273,3759588254.7177362
Peru,Opt,2031,5829174.874251494,3451359.892944506,3618187084.514001
Peru,Opt,2032,5900058.37034686,3567804.525267467,3746738723.4687166
Peru,Opt,2033,5835692.462411265,3461992.0255646007,3629913227.578253
Peru,Opt,2034,5894251.540563602,3558197.9984805286,3736123054.0725155
Peru,Opt,2035,5841065.6965227425,3470768.7528565684,3639594799.3079767
Peru,Opt,2036,5889447.276449779,3550259.144057147,3727351629.9590397
Peru,Opt,2037,5845497.703989253,3478015.8041266827,3647590180.6748905
Peru,Opt,2038,5885473.017139479,3543698.052243025,3720103408.5231247
Peru,Opt,2039,5849154.762845335,3484000.9566587186,3654194168.735366
Peru,Opt,2040,5882185.80331947,3538275.452352694,3714113561.331457
Peru,Opt,2041,5852173.277589279,3488944.654499673,3659649571.6698227
Peru,Opt,2042,5879467.200305574,3533793.742493459,3709163473.81338
Peru,Opt,2043,5854665.326762705,3493028.556983697,3664156560.131357
Peru,Opt,2044,5877219.104856751,3530089.6687766663,3705072596.5857067
Peru,Opt,2045,5856723.114167064,3496402.470360862,3667880261.548542
Peru,Opt,2046,5875360.272022337,3527028.3229491524,3701691773.252248
Peru,Opt,2047,5858422.564612979,3499189.9976075096,3670956958.120589
Peru,Opt,2048,5873823.434119897,3524498.2057931386,3698897759.1540327
Peru,Opt,2049,5859826.243541728,3501493.160663862,3673499163.0639677
Peru,Opt,2050,5872552.909406261,3522407.158841251,3696588708.568086
Russian Federation,Business As Usual,2013,1565905.5053831874,149488.9954401075,101916434.50692846
Russian Federation,Business As Usual,2014,1852270.5465543903,335700.51514192903,258857234.21670514
Russian Federation,Business As Usual,2015,1944434.1652189365,414316.3691843922,311477218.4862314
Russian Federation,Business As Usual,2016,1952107.5935790788,421521.2827100223,308292498.25349456
Russian Federation,Business As Usual,2017,1952018.5687491721,421437.4423854768,305549518.0401728
Russian Federation,Business As Usual,2018,1952019.9121385315,421438.70749657915,300616121.7051554
Russian Federation,Business As Usual,2019,1952019.891920881,421438.6884569856,300004888.44967943
Russian Federation,Business As Usual,2020,1952019.8922251635,421438.68874353793,298224707.11872315
Russian Federation,Business As Usual,2021,1952019.892220584,421438.6887392251,300031825.2069074
Russian Federation,Business As Usual,2022,1952019.8922206524,421438.6887392897,299424421.5297223
Russian Federation,Business As Usual,2023,1952019.8922206515,421438.68873928866,300568412.69744724
Russian Federation,Business As Usual,2024,1952019.8922206522,421438.6887392894,300626314.1599988
Russian Federation,Business As Usual,2025,1952019.8922206522,421438.6887392894,303341796.9502361
Russian Federation,Business As Usual,2026,1952019.8922206522,421438.6887392894,304086987.04335463
Russian Federation,Business As Usual,2027,1952019.8922206522,421438.6887392894,306403614.7595791
Russian Federation,Business As Usual,2028,1952019.8922206522,421438.6887392894,306777479.27731425
Russian Federation,Business As Usual,2029,1952019.8922206522,421438.6887392894,308291144.8744342
Russian Federation,Business As Usual,2030,1952019.8922206522,421438.6887392894,308464002.95903397
Russian Federation,Business As Usual,2031,1952019.8922206522,421438.6887392894,309751634.14626616
Russian Federation,Business As Usual,2032,1952019.8922206522,421438.6887392894,309957791.6475938
Russian Federation,Business As Usual,2033,1952019.8922206522,421438.6887392894,311651079.5129173
Russian Federation,Business As Usual,2034,1952019.8922206522,421438.6887392894,312475103.2140558
Russian Federation,Business As Usual,2035,1952019.8922206522,421438.6887392894,314250636.26029664
Russian Federation,Business As Usual,2036,1952019.8922206522,421438.6887392894,315146502.7229799
Russian Federation,Business As Usual,2037,1952019.8922206522,421438.6887392894,316734840.41665995
Russian Federation,Business As Usual,2038,1952019.8922206522,421438.6887392894,318045474.9120703
Russian Federation,Business As Usual,2039,1952019.8922206522,421438.6887392894,319552993.70338005
Russian Federation,Business As Usual,2040,1952019.8922206522,421438.6887392894,320365153.419821
Russian Federation,Business As Usual,2041,1952019.8922206522,421438.6887392894,321571389.707019
Russian Federation,Business As Usual,2042,1952019.8922206522,421438.6887392894,322181808.1766015
Russian Federation,Business As Usual,2043,1952019.8922206522,421438.6887392894,322645302.0663577
Russian Federation,Business As Usual,2044,1952019.8922206522,421438.6887392894,322262317.2125114
Russian Federation,Business As Usual,2045,1952019.8922206522,421438.6887392894,322021961.8036041
Russian Federation,Business As Usual,2046,1952019.8922206522,421438.6887392894,321652836.4508514
Russian Federation,Business As Usual,2047,1952019.8922206522,421438.6887392894,321404402.86677283
Russian Federation,Business As Usual,2048,1952019.8922206522,421438.6887392894,320771692.160352
Russian Federation,Business As Usual,2049,1952019.8922206522,421438.6887392894,319985394.1102158
Russian Federation,Business As Usual,2050,1952019.8922206522,421438.6887392894,319426252.9438083
Russian Federation,Fmsy,2013,1565905.5053831874,434719.1049673303,196938898.36174655
Russian Federation,Fmsy,2014,1567040.4370271675,435034.1791954839,231499702.65502548
Russian Federation,Fmsy,2015,1567861.1361066499,435262.01770045987,237779515.33400172
Russian Federation,Fmsy,2016,1568454.4364647975,435426.7268733851,241682383.37496555
Russian Federation,Fmsy,2017,1568883.2573618544,435545.77405466075,244941143.43408567
Russian Federation,Fmsy,2018,1569193.1510316413,435631.8052348958,247352164.65566188
Russian Federation,Fmsy,2019,1569417.0761486136,435693.97024172114,249038379.53116232
Russian Federation,Fmsy,2020,1569578.868951802,435738.8863764115,250118770.7067349
Russian Federation,Fmsy,2021,1569695.7626851902,435771.3378487259,250549426.55058956
Russian Federation,Fmsy,2022,1569780.2138530477,435794.78277307044,249575783.3607757
Russian Federation,Fmsy,2023,1569841.2247450948,435811.7203215322,246553397.31095076
Russian Federation,Fmsy,2024,1569885.300514704,435823.9564232953,244520434.37005538
Russian Federation,Fmsy,2025,1569917.1414486344,435832.79594921303,244778550.28939313
Russian Federation,Fmsy,2026,1569940.1435173738,435839.18167217035,244359552.4912014
Russian Federation,Fmsy,2027,1569956.7602079618,435843.7947173606,244208143.4494239
Russian Federation,Fmsy,2028,1569968.7640332975,435847.127161233,243715114.48570156
Russian Federation,Fmsy,2029,1569977.4355086614,435849.53449423995,243338055.13870734
Russian Federation,Fmsy,2030,1569983.6997000203,435851.27352871647,242757801.0714203
Russian Federation,Fmsy,2031,1569988.224882474,435852.5297879603,242308315.9553119
Russian Federation,Fmsy,2032,1569991.493819028,435853.43729429966,241714260.47850245
Russian Federation,Fmsy,2033,1569993.8552562061,435854.092865056,241153083.76123804
Russian Federation,Fmsy,2034,1569995.5611262624,435854.56644044194,240525700.90167642
Russian Federation,Fmsy,2035,1569996.7934228287,435854.9085446484,239920876.34461576
Russian Federation,Fmsy,2036,1569997.6836161779,435855.1556758161,239283724.65673065
Russian Federation,Fmsy,2037,1569998.326678876,435855.33419976896,238677572.07762462
Russian Federation,Fmsy,2038,1569998.7912178908,435855.46316284116,238051735.55386478
Russian Federation,Fmsy,2039,1569999.1267939738,435855.55632384855,237442346.51001495
Russian Federation,Fmsy,2040,1569999.3692091226,435855.6236219685,236884895.00148743
Russian Federation,Fmsy,2041,1569999.5443261897,435855.6722371208,236313295.65501678
Russian Federation,Fmsy,2042,1569999.6708281252,435855.7073559757,235740035.84046692
Russian Federation,Fmsy,2043,1569999.7622112154,435855.7327253068,235195342.87156332
Russian Federation,Fmsy,2044,1569999.8282249805,435855.7510517287,234664016.7004795
Russian Federation,Fmsy,2045,1569999.8759123264,435855.7642904587,234151873.60297835
Russian Federation,Fmsy,2046,1569999.9103609438,435855.773853917,233647123.75830823
Russian Federation,Fmsy,2047,1569999.9352461037,435855.7807624147,233152286.80813926
Russian Federation,Fmsy,2048,1569999.953222766,435855.7857530087,232658102.8543417
Russian Federation,Fmsy,2049,1569999.966208835,435855.7893581382,232230086.17897767
Russian Federation,Fmsy,2050,1569999.9755897743,435855.7919624292,231783509.19867766
Russian Federation,Opt,2013,1565905.5053831874,149488.9954401075,105721342.83463043
Russian Federation,Opt,2014,1852270.5465543903,335700.51514192903,236023050.63027394
Russian Federation,Opt,2015,1944434.1652189365,414316.3691843922,291296225.4490695
Russian Federation,Opt,2016,1952107.5935790788,421521.2827100223,296358064.44160557
Russian Federation,Opt,2017,1952018.5687491721,421437.4423854768,296299147.1843579
Russian Federation,Opt,2018,1952019.9121385315,421438.70749657915,296300036.21547496
Russian Federation,Opt,2019,1952019.891920881,421438.6884569856,296300022.83578694
Russian Federation,Opt,2020,1952019.8922251635,421438.68874353793,296300023.03715575
Russian Federation,Opt,2021,1952019.892220584,421438.6887392251,296300023.0341251
Russian Federation,Opt,2022,1952019.8922206524,421438.6887392897,296300023.03417045
Russian Federation,Opt,2023,1952019.8922206515,421438.68873928866,296300023.0341698
Russian Federation,Opt,2024,1952019.8922206522,421438.6887392894,296300023.03417027
Russian Federation,Opt,2025,1952019.8922206522,421438.6887392894,296300023.03417027
Russian Federation,Opt,2026,1952019.8922206522,421438.6887392894,296300023.03417027
Russian Federation,Opt,2027,1952019.8922206522,421438.6887392894,296300023.03417027
Russian Federation,Opt,2028,1952019.8922206522,421438.6887392894,296300023.03417027
Russian Federation,Opt,2029,1952019.8922206522,421438.6887392894,296300023.03417027
Russian Federation,Opt,2030,1952019.8922206522,421438.6887392894,296300023.03417027
Russian Federation,Opt,2031,1952019.8922206522,421438.6887392894,296300023.03417027
Russian Federation,Opt,2032,1952019.8922206522,421438.6887392894,296300023.03417027
Russian Federation,Opt,2033,1952019.8922206522,421438.6887392894,296300023.03417027
Russian Federation,Opt,2034,1952019.8922206522,421438.6887392894,296300023.03417027
Russian Federation,Opt,2035,1952019.8922206522,421438.6887392894,296300023.03417027
Russian Federation,Opt,2036,1952019.8922206522,421438.6887392894,296300023.03417027
Russian Federation,Opt,2037,1952019.8922206522,421438.6887392894,296300023.03417027
Russian Federation,Opt,2038,1952019.8922206522,421438.6887392894,296300023.03417027
Russian Federation,Opt,2039,1952019.8922206522,421438.6887392894,296300023.03417027
Russian Federation,Opt,2040,1952019.8922206522,421438.6887392894,296300023.03417027
Russian Federation,Opt,2041,1952019.8922206522,421438.6887392894,296300023.03417027
Russian Federation,Opt,2042,1952019.8922206522,421438.6887392894,296300023.03417027
Russian Federation,Opt,2043,1952019.8922206522,421438.6887392894,296300023.03417027
Russian Federation,Opt,2044,1952019.8922206522,421438.6887392894,296300023.03417027
Russian Federation,Opt,2045,1952019.8922206522,421438.6887392894,296300023.03417027
Russian Federation,Opt,2046,1952019.8922206522,421438.6887392894,296300023.03417027
Russian Federation,Opt,2047,1952019.8922206522,421438.6887392894,296300023.03417027
Russian Federation,Opt,2048,1952019.8922206522,421438.6887392894,296300023.03417027
Russian Federation,Opt,2049,1952019.8922206522,421438.6887392894,296300023.03417027
Russian Federation,Opt,2050,1952019.8922206522,421438.6887392894,296300023.03417027
South Africa,Business As Usual,2013,1719137.9242921032,771877.0870877573,674190321.5314397
South Africa,Business As Usual,2014,1118090.1655937568,152680.55733107298,227893730.41269857
South Africa,Business As Usual,2015,1215212.093697315,214244.83667509633,255637911.369406
South Africa,Business As Usual,2016,1248849.4093931983,244083.5329930281,262338851.93433532
South Africa,Business As Usual,2017,1251425.5482009316,246612.94112347576,260412533.87048757
South Africa,Business As Usual,2018,1251332.3230775872,246756.58326975623,255609561.6563483
South Africa,Business As Usual,2019,1251088.8819502804,246721.31859132648,254547457.6129224
South Africa,Business As Usual,2020,1250886.6855064214,246663.40953936148,252668681.48020133
South Africa,Business As Usual,2021,1250748.723349938,246619.13504273488,253942903.94414398
South Africa,Business As Usual,2022,1250659.5540848034,246589.55033457695,253276436.62777212
South Africa,Business As Usual,2023,1250602.9193750063,246570.56293112057,254138999.26173565
South Africa,Business As Usual,2024,1250567.1466855726,246558.53315223745,254125619.4114533
South Africa,Business As Usual,2025,1250544.5858604107,246550.94135299578,256366047.41930312
South Africa,Business As Usual,2026,1250530.3609860428,246546.1548883022,256966703.83126912
South Africa,Business As Usual,2027,1250521.3911016711,246543.13727338784,258895346.9560359
South Africa,Business As Usual,2028,1250515.7339757371,246541.23449267802,259199151.48705575
South Africa,Business As Usual,2029,1250512.1656458252,246540.03445571612,260463179.81262425
South Africa,Business As Usual,2030,1250509.914633502,246539.2775116356,260604257.16032356
South Africa,Business As Usual,2031,1250508.4945284994,246538.80000719384,261682334.88682976
South Africa,Business As Usual,2032,1250507.5985809723,246538.49876157308,261853748.3549881
South Africa,Business As Usual,2033,1250507.0333091891,246538.30870476647,263273753.58186644
South Africa,Business As Usual,2034,1250506.676660933,246538.1887938963,263964635.97232568
South Africa,Business As Usual,2035,1250506.4516373524,246538.11313820304,265454258.21644306
South Africa,Business As Usual,2036,1250506.3096599558,246538.065403996,266205811.5816056
South Africa,Business As Usual,2037,1250506.2200796704,246538.0352863517,267538579.27844712
South Africa,Business As Usual,2038,1250506.163559043,246538.0162836959,268638357.9047372
South Africa,Business As Usual,2039,1250506.1278973196,246538.00429398046,269903398.8136629
South Africa,Business As Usual,2040,1250506.1053965073,246537.99672906176,270584919.8171106
South Africa,Business As Usual,2041,1250506.0911995787,246537.99195596605,271597163.9878708
South Africa,Business As Usual,2042,1250506.0822419967,246537.98894437245,272109408.96134496
South Africa,Business As Usual,2043,1250506.0765901895,246537.98704420115,272498361.3017378
South Africa,Business As Usual,2044,1250506.073024168,246537.98584528355,272176954.8256778
South Africa,Business As Usual,2045,1250506.0707741778,246537.98508882368,271975245.0465121
South Africa,Business As Usual,2046,1250506.0693545407,246537.98461153335,271665473.4274586
South Africa,Business As Usual,2047,1250506.0684588172,246537.98431038586,271456986.9854453
South Africa,Business As Usual,2048,1250506.0678936578,246537.984120376,270926016.8502631
South Africa,Business As Usual,2049,1250506.0675370693,246537.98400048888,270266157.0264995
South Africa,Business As Usual,2050,1250506.0673120788,246537.9839248457,269796926.88084686
South Africa,Fmsy,2013,1719137.9242921032,407298.1244787866,292537074.5933165
South Africa,Fmsy,2014,1482669.1282027275,354129.38310550165,294799552.4289234
South Africa,Fmsy,2015,1344986.969948547,323510.5240359686,275544969.2477528
South Africa,Fmsy,2016,1256565.4673770498,304025.5320432238,261597416.28147757
South Africa,Fmsy,2017,1196359.1258204752,290865.9974497756,251916271.33876354
South Africa,Fmsy,2018,1153753.1711021124,281624.7325594812,244682608.09058622
South Africa,Fmsy,2019,1122777.9400784238,274956.64650153695,239052666.8755274
South Africa,Fmsy,2020,1099810.7080083024,270050.065370474,234516671.01697448
South Africa,Fmsy,2021,1082526.282001383,266386.6535170425,230616670.02906784
South Africa,Fmsy,2022,1069367.3924443536,263620.85710417735,226396569.8963722
South Africa,Fmsy,2023,1059256.1872933775,261514.52880672153,221101296.4962314
South Africa,Fmsy,2024,1051427.1992665078,259899.23462813924,217238410.04753554
South Africa,Fmsy,2025,1045325.6861816619,258653.3993242861,215786106.6247495
South Africa,Fmsy,2026,1040543.1202169587,257687.85310872766,214069604.1685052
South Africa,Fmsy,2027,1036774.7825207014,256936.36062815847,212837285.41185233
South Africa,Fmsy,2028,1033791.0448148277,256349.22524726397,211513859.45034763
South Africa,Fmsy,2029,1031417.4246430183,255888.85907814308,210450783.8957472
South Africa,Fmsy,2030,1029520.4382243523,255526.6486070727,209344122.92374158
South Africa,Fmsy,2031,1027997.3874889325,255240.69741728765,208453193.80851626
South Africa,Fmsy,2032,1026768.8790907965,255014.17665895098,207524337.0036291
South Africa,Fmsy,2033,1025773.2785588049,254834.10512928898,206692514.51105574
South Africa,Fmsy,2034,1024962.5584728066,254690.43823529367,205861313.23891255
South Africa,Fmsy,2035,1024299.1652102892,254575.38222305189,205095822.15811068
South Africa,Fmsy,2036,1023753.6387825104,254482.87464822794,204341578.09494027
South Africa,Fmsy,2037,1023302.7949464989,254408.18872981405,203645518.821765
South Africa,Fmsy,2038,1022928.3305189945,254347.6307612593,202959566.4103784
South Africa,Fmsy,2039,1022615.7493289675,254298.30787952803,202309871.9403683
South Africa,Fmsy,2040,1022353.532424456,254257.94931208808,201722772.80849048
South Africa,Fmsy,2041,1022132.4951817665,254224.76844746954,201139671.31501377
South Africa,Fmsy,2042,1021945.2879656029,254197.3561798005,200568694.0374625
South Africa,Fmsy,2043,1021786.0073902808,254174.59828163372,200033289.01517808
South Africa,Fmsy,2044,1021649.8930241556,254155.61128313068,199518992.84501567
South Africa,Fmsy,2045,1021533.0902564923,254139.69263411855,199029304.1535859
South Africa,Fmsy,2046,1021432.4645038915,254126.28190906896,198553133.89390907
South Africa,Fmsy,2047,1021345.4553304906,254114.93056343021,198091614.37556273
South Africa,Fmsy,2048,1021269.9616548484,254105.2783213168,197636123.36629823
South Africa,Fmsy,2049,1021204.2512106145,254097.03471242075,197241022.6602265
South Africa,Fmsy,2050,1021146.8889625086,254089.96461229018,196834472.12006092
South Africa,Opt,2013,1719137.9242921032,771877.0870877573,698448928.1546634
South Africa,Opt,2014,1118090.1655937568,152680.55733107298,207670314.98507008
South Africa,Opt,2015,1215212.093697315,214244.83667509633,239112414.22204918
South Africa,Opt,2016,1248849.4093931983,244083.5329930281,252239425.90034997
South Africa,Opt,2017,1251425.5482009316,246612.94112347576,252577272.29273248
South Africa,Opt,2018,1251332.3230775872,246756.58326975623,251963408.24066192
South Africa,Opt,2019,1251088.8819502804,246721.31859132648,251424762.66524398
South Africa,Opt,2020,1250886.6855064214,246663.40953936148,251048999.44623858
South Africa,Opt,2021,1250748.723349938,246619.13504273488,250805689.1577247
South Africa,Opt,2022,1250659.5540848034,246589.55033457695,250651552.05851257
South Africa,Opt,2023,1250602.9193750063,246570.56293112057,250554485.43358096
South Africa,Opt,2024,1250567.1466855726,246558.53315223745,250493415.977454
South Africa,Opt,2025,1250544.5858604107,246550.94135299578,250454977.1035525
South Africa,Opt,2026,1250530.3609860428,246546.1548883022,250430766.47622436
South Africa,Opt,2027,1250521.3911016711,246543.13727338784,250415508.8906784
South Africa,Opt,2028,1250515.7339757371,246541.23449267802,250405889.60463676
South Africa,Opt,2029,1250512.1656458252,246540.03445571612,250399823.35552967
South Africa,Opt,2030,1250509.914633502,246539.2775116356,250395997.07552555
South Africa,Opt,2031,1250508.4945284994,246538.80000719384,250393583.3697277
South Africa,Opt,2032,1250507.5985809723,246538.49876157308,250392060.63386342
South Africa,Opt,2033,1250507.0333091891,246538.30870476647,250391099.93874615
South Africa,Opt,2034,1250506.676660933,246538.1887938963,250390493.81716195
South Africa,Opt,2035,1250506.4516373524,246538.11313820304,250390111.39571494
South Africa,Opt,2036,1250506.3096599558,246538.065403996,250389870.11089948
South Africa,Opt,2037,1250506.2200796704,246538.0352863517,250389717.87360227
South Africa,Opt,2038,1250506.163559043,246538.0162836959,250389621.8198721
South Africa,Opt,2039,1250506.1278973196,246538.00429398046,250389561.2148341
South Africa,Opt,2040,1250506.1053965073,246537.99672906176,250389522.9760514
South Africa,Opt,2041,1250506.0911995787,246537.99195596605,250389498.84924093
South Africa,Opt,2042,1250506.0822419967,246537.98894437245,250389483.62638617
South Africa,Opt,2043,1250506.0765901895,246537.98704420115,250389474.0214939
South Africa,Opt,2044,1250506.073024168,246537.98584528355,250389467.9612649
South Africa,Opt,2045,1250506.0707741778,246537.98508882368,250389464.1375488
South Africa,Opt,2046,1250506.0693545407,246537.98461153335,250389461.72496545
South Africa,Opt,2047,1250506.0684588172,246537.98431038586,250389460.20273995
South Africa,Opt,2048,1250506.0678936578,246537.984120376,250389459.24228776
South Africa,Opt,2049,1250506.0675370693,246537.98400048888,250389458.63628802
South Africa,Opt,2050,1250506.0673120788,246537.9839248457,250389458.2539308
USA,Business As Usual,2013,36376702.55564805,7599974.8678004425,9976230851.921724
USA,Business As Usual,2014,33820179.82382631,5164728.850107947,5470238120.435038
USA,Business As Usual,2015,34103872.696211755,5062526.883116126,5518447695.544178
USA,Business As Usual,2016,34535185.9276792,5285254.064207579,5764265805.516877
USA,Business As Usual,2017,34746134.74005812,5272424.8305964125,5724970791.42963
USA,Business As Usual,2018,34984088.278478526,5302873.636157025,5671409028.290529
USA,Business As Usual,2019,35199335.86114556,5304685.368579835,5666816620.109202
USA,Business As Usual,2020,35420382.522551775,5318176.39813478,5657834528.192909
USA,Business As Usual,2021,35632846.395820625,5325292.620298687,5709902476.26209
USA,Business As Usual,2022,35842127.80947451,5337043.6895734165,5725106604.542866
USA,Business As Usual,2023,36042090.47014754,5347145.684033975,5772687088.776864
USA,Business As Usual,2024,36233500.99805567,5359540.757989032,5804461644.223675
USA,Business As Usual,2025,36413191.674428396,5371564.869427533,5888713549.931208
USA,Business As Usual,2026,36581008.6937689,5383438.652412684,5933619944.388658
USA,Business As Usual,2027,36736681.00843409,5394057.093919926,6007052836.803579
USA,Business As Usual,2028,36881237.97612316,5403798.789504545,6039533323.008204
USA,Business As Usual,2029,37015406.28473249,5412401.641326692,6092218235.581075
USA,Business As Usual,2030,37140268.40950841,5419479.252019608,6114244777.960444
USA,Business As Usual,2031,37257326.34551601,5425302.409546455,6155927251.776614
USA,Business As Usual,2032,37367830.152794525,5430133.9907690985,6173295436.387604
USA,Business As Usual,2033,37472761.73135172,5434287.198203409,6219333908.428473
USA,Business As Usual,2034,37572787.23991271,5437882.596473558,6246319660.333333
USA,Business As Usual,2035,37668446.35643534,5441033.245072335,6291669148.807493
USA,Business As Usual,2036,37760162.81367059,5443865.2229846995,6318288494.380493
USA,Business As Usual,2037,37848231.19563936,5446446.995938446,6358469002.7172785
USA,Business As Usual,2038,37932877.4331685,5448834.740108689,6392491803.000587
USA,Business As Usual,2039,38014271.77221939,5451065.566134059,6430175396.221505
USA,Business As Usual,2040,38092549.29750129,5453162.2421408165,6453258473.676022
USA,Business As Usual,2041,38167824.796561316,5455142.6376439305,6484131391.723155
USA,Business As Usual,2042,38240198.256261036,5457021.515952886,6502493486.351403
USA,Business As Usual,2043,38309758.13799191,5458809.004310418,6517578368.521521
USA,Business As Usual,2044,38376586.22469039,5460515.976928646,6514998839.197613
USA,Business As Usual,2045,38440756.86277732,5462148.055001214,6515116298.284605
USA,Business As Usual,2046,38502342.188596494,5463706.770878634,6512347917.914056
USA,Business As Usual,2047,38561416.111740634,5465196.217775646,6511845976.585935
USA,Business As Usual,2048,38618051.562017374,5466619.938487359,6503203381.331849
USA,Business As Usual,2049,38672320.83683293,5467984.065666796,6491181999.1441
USA,Business As Usual,2050,38724292.795774676,5469292.719392952,6483652353.076642
USA,Fmsy,2013,36376702.55564805,8439885.562790781,6923335343.428964
USA,Fmsy,2014,32980269.12883597,7382835.738599221,6464595833.153623
USA,Fmsy,2015,31307543.967262246,6969559.692447642,6065176382.750647
USA,Fmsy,2016,30257677.653833527,6725823.065230168,5826483984.554741
USA,Fmsy,2017,29546449.681186322,6567373.780855175,5684707054.258023
USA,Fmsy,2018,29045719.880709194,6461061.464080432,5596487139.250243
USA,Fmsy,2019,28683657.492134444,6387549.521780438,5537342517.225673
USA,Fmsy,2020,28416976.462681584,6335465.20158653,5495623259.943592
USA,Fmsy,2021,28218135.106655195,6297673.784429613,5459736630.00104
USA,Fmsy,2022,28069015.861734208,6269782.467961978,5406596420.113794
USA,Fmsy,2023,27957179.61509722,6248895.288379259,5317443080.374136
USA,Fmsy,2024,27873846.755919732,6233099.64190715,5257999994.877191
USA,Fmsy,2025,27812626.36841299,6221073.052179922,5255294603.167518
USA,Fmsy,2026,27768760.568951204,6211890.622782327,5241086707.639176
USA,Fmsy,2027,27738627.84404479,6204884.501509308,5235626855.970358
USA,Fmsy,2028,27719424.527689822,6199565.130823764,5224508497.652492
USA,Fmsy,2029,27708946.983178195,6195565.394852817,5217480241.309666
USA,Fmsy,2030,27705442.82682186,6192606.051904284,5206973701.904185
USA,Fmsy,2031,27707504.86628905,6190471.290149324,5200194551.120714
USA,Fmsy,2032,27713994.662161432,6188992.424602243,5190724291.244694
USA,Fmsy,2033,27723985.78474125,6188036.179348471,5182378286.259201
USA,Fmsy,2034,27736721.081049837,6187496.407013471,5172791732.431293
USA,Fmsy,2035,27751579.821658395,6187287.97885174,5163859193.890659
USA,Fmsy,2036,27768052.108762156,6187342.267884688,5154263900.837437
USA,Fmsy,2037,27785718.654984534,6187603.720892406,5145372104.462286
USA,Fmsy,2038,27804234.640809838,6188027.23527248,5135993394.703605
USA,Fmsy,2039,27823316.702776123,6188576.117926592,5126907395.567338
USA,Fmsy,2040,27842732.36683134,6189220.483056197,5118890083.241971
USA,Fmsy,2041,27862291.41084629,6189935.9805854065,5110428413.529822
USA,Fmsy,2042,27881838.766816687,6190702.779627699,5101789909.224654
USA,Fmsy,2043,27901248.6618156,6191504.749838927,5093648936.0926695
USA,Fmsy,2044,27920419.763349764,6192328.798524712,5085655455.172587
USA,Fmsy,2045,27939271.143961787,6193164.331175107,5077937906.461515
USA,Fmsy,2046,27957738.917649902,6194002.810706486,5070227810.606128
USA,Fmsy,2047,27975773.429618526,6194837.396100351,5062582605.278299
USA,Fmsy,2048,27993336.90353723,6195662.645296173,5054793743.182199
USA,Fmsy,2049,28010401.468330465,6196474.2703171065,5048351736.336799
USA,Fmsy,2050,28026947.500741128,6197268.935035872,5041336451.993661
USA,Opt,2013,36376702.55564805,10260574.828317897,13237723611.149763
USA,Opt,2014,31159579.863308854,5000715.941570472,5099884961.260346
USA,Opt,2015,32081270.921694163,5277975.30515251,5507451305.256548
USA,Opt,2016,32743908.51278055,5685122.228020935,6031825190.012933
USA,Opt,2017,32980791.16275607,5710804.175719919,6045631699.025895
USA,Opt,2018,33198015.072567493,5744648.581236302,6105229703.490589
USA,Opt,2019,33388616.398326084,5740574.210043121,6113281702.706264
USA,Opt,2020,33591953.280487485,5749852.951413564,6140899171.425069
USA,Opt,2021,33792678.770101205,5750304.909036338,6150377407.620985
USA,Opt,2022,33999271.44289952,5760621.57114535,6176907668.690723
USA,Opt,2023,34199831.13350852,5768198.559792927,6199889320.849651
USA,Opt,2024,34396377.79523348,5782359.512338491,6234165682.026273
USA,Opt,2025,34580800.70791706,5795390.023483064,6267733124.477846
USA,Opt,2026,34753707.82831492,5811475.286494425,6305294932.376324
USA,Opt,2027,34911067.34733621,5825742.831623918,6339824325.020171
USA,Opt,2028,35054455.72523463,5840994.369081982,6374559539.255273
USA,Opt,2029,35182338.147777714,5854862.482155103,6406964751.224419
USA,Opt,2030,35296069.547870144,5868013.016788979,6436434922.83971
USA,Opt,2031,35396097.587977916,5878978.382210355,6461876912.808083
USA,Opt,2032,35484683.68886563,5889883.169249523,6486166918.446364
USA,Opt,2033,35561750.00831474,5898775.311746235,6506828910.686385
USA,Opt,2034,35629414.83125204,5907062.7374821035,6525539885.840507
USA,Opt,2035,35688215.0393733,5913767.814600363,6541357357.985871
USA,Opt,2036,35739836.62955395,5920363.169844549,6556581577.105277
USA,Opt,2037,35784356.732380204,5925710.242096477,6569570715.90786
USA,Opt,2038,35823120.560115375,5930646.029956397,6581317350.150775
USA,Opt,2039,35856531.277228266,5934649.070887432,6591373674.212387
USA,Opt,2040,35885606.35942392,5938310.615511477,6600294688.225012
USA,Opt,2041,35910691.12190847,5941257.010539687,6607831199.143755
USA,Opt,2042,35932572.44300558,5943933.286649556,6614392654.873154
USA,Opt,2043,35951529.11763754,5946040.819425515,6619703832.88244
USA,Opt,2044,35968187.74805362,5947961.321599674,6624309886.590661
USA,Opt,2045,35982743.624853,5949469.7614867035,6628010795.396759
USA,Opt,2046,35995653.06322987,5950845.989990941,6631203840.025369
USA,Opt,2047,36007054.42394253,5951921.74361046,6633746707.284598
USA,Opt,2048,36017281.04946976,5952910.790591256,6635948965.986924
USA,Opt,2049,36026423.53283454,5953687.7565437015,6637700177.001107
USA,Opt,2050,36034717.956460334,5954413.580133058,6639230015.218885
